row,trilogy_flag,group,width,height,sha256,pixel_sha256,ink_pixels,canvas_ink_fraction,blank,bbox,bbox_width,bbox_height,bbox_ratio,bbox_ink_fraction,bbox_width_fraction,bbox_height_fraction,bbox_shape_sha256,components_raw,components_ge4px,component_areas,holes_raw,holes_ge4px,hole_areas,padding_left_fraction,padding_right_fraction,padding_top_fraction,padding_bottom_fraction,stroke_width_px_min,stroke_width_px_p10,stroke_width_px_p25,stroke_width_px_median,stroke_width_px_p75,stroke_width_px_p90,stroke_width_px_max,stroke_width_median_canvas_fraction,skeleton_pixels,qualified_orientation_samples,horizontal_skeleton_fraction,vertical_skeleton_fraction,diagonal_skeleton_fraction,orientation_histogram_15deg,horizontal_mirror_iou,vertical_mirror_iou,rotation_180_iou,threshold_96_160_ink_change_fraction,threshold96_components,threshold160_components,threshold96_holes,threshold160_holes,component_gap_center_distance_min_px,counter_width_median_px,stroke_width_p90_p10_ratio
3,Y*,classic,128,128,4c718fafcc651936665d8fc886a8a582afcfa8de78b2c2035a113f337859b74c,7f3e68b0b0cc9b5fb3ff374fb959005ec24fbe61937bb7d365edc164bada84ca,2368,0.14453125,False,"[28,34,100,94]",72,60,1.2,0.5481481481481482,0.5625,0.46875,86f430ddf2b4b272b3311b3ffc2e64dce3aad75d8a5d4e8671c024a0363efd0b,1,1,[2368],2,2,"[61,61]",0.21875,0.21875,0.265625,0.265625,2.0,4.0,6.32456,12.64911,15.69894,18.0,18.11077,0.09882117688026186,182,132,0.22727272727272727,0.2878787878787879,0.015151515151515152,"[27,20,2,0,3,9,35,5,0,3,21,7]",1.0,0.7858220211161387,0.7858220211161387,0.04222972972972973,1,1,2,2,,2.8284271247461903,4.5
4,Y,classic,128,128,87f8375a64049287871518aaa73c35bd5040d5f7d2c9e2b07b7da2d5268accc4,a5b8a90fc04d6bcff7270e148b4aa81b2864a5e98336f23ef84da3b8c142ad71,1760,0.107421875,False,"[36,34,92,94]",56,60,0.9333333333333333,0.5238095238095238,0.4375,0.46875,3778d571d66f1c222721bc8c90c0cde9aeadbf509d18d55498f71fadae0f4a11,1,1,[1760],0,0,[],0.28125,0.28125,0.265625,0.265625,18.0,18.0,18.0,18.0,19.69772,22.80351,25.45584,0.140625,77,64,0.484375,0.515625,0.0,"[31,0,0,0,0,0,33,0,0,0,0,0]",1.0,1.0,1.0,0.020454545454545454,1,1,0,0,,,1.2668616666666666
5,Y,classic,128,128,764a95d1552a1d4790eccd4b0c28bbfdc7cddbedf21203035986176bee957e6f,ddc260ac1b82d81cbb1a38d91b7fa27ef95999f61c3fe1a10ad699b5cb1a53d3,4176,0.2548828125,False,"[36,18,92,110]",56,92,0.6086956521739131,0.8105590062111802,0.4375,0.71875,ba2529378a110c62867bb28e3cee7df6050abef197fb1e23d4ee2198f72165ed,1,1,[4176],2,2,"[364,347]",0.28125,0.28125,0.140625,0.140625,6.0,11.0378,14.56022,20.0,20.0,22.0,24.0,0.15625,244,236,0.16101694915254236,0.4152542372881356,0.1016949152542373,"[30,3,3,4,14,24,86,18,11,12,16,15]",0.892161304938831,0.9279778393351801,0.9112128146453089,0.019636015325670497,1,1,2,2,,8.0,1.9931508090380328
6,Y,classic,128,128,a926ccfab9b651cffaef8bbbcd51ccb6c45e985a674355349f9824fbbd50f717,8d722c2d3e7a8356bc3169b3bdc4516c138e52afb416ba565f9b910bce9aef96,2195,0.13397216796875,False,"[48,20,80,111]",32,91,0.3516483516483517,0.7537774725274725,0.25,0.7109375,e9f51989139a90fab8ba6c0405a16658c7fe735d03b724ba63fd2bbb07789ca8,1,1,[2195],0,0,[],0.375,0.375,0.15625,0.1328125,12.0,17.08801,24.0,24.0,24.0,24.0,24.0,0.1875,81,80,0.0875,0.7875,0.025,"[3,1,2,1,1,4,61,0,0,0,0,7]",0.507554945054945,0.8914261094355881,0.507554945054945,0.002733485193621868,1,1,0,0,,,1.404493560104424
7,Y,classic,128,128,055a384672a3f6b903cdbd11d806096c570786368bb701b88f56654b867e9c5c,6b48dd72452269f4dea34f168ffb41aa86807ff0a48a2f0f370aec25737beac7,4037,0.24639892578125,False,"[23,18,105,110]",82,92,0.8913043478260869,0.5351272534464475,0.640625,0.71875,dd22d44925b6f210c9f8427acf71f7fcc8dd836a295ce4719531b2746218946a,1,1,[4037],0,0,[],0.1796875,0.1796875,0.140625,0.140625,12.0,13.76656,14.0,16.12452,19.79899,22.0,24.08319,0.12597277731716483,207,200,0.37,0.03,0.29,"[64,12,40,16,20,4,4,6,3,7,7,17]",0.48747236551215917,0.4017361111111111,0.4852832965415747,0.04409214763438197,1,1,0,0,,,1.5980753361769389
8,Y,classic,128,128,073fa9b74fb41294a6ba51dd255eb7065552d35d7702f0505dab2e47c7efd8de,5313c191c2a600d67b1615440a6b25db7765dc36c69755985d6f5ebabb8cfa11,4552,0.27783203125,False,"[23,18,105,110]",82,92,0.8913043478260869,0.6033934252386002,0.640625,0.71875,bcab5fb9e5f4c63bb83b2f104fc4f6b916467bc4b31ac309d7bc395a4d19681f,1,1,[4552],0,0,[],0.1796875,0.1796875,0.140625,0.140625,10.0,14.0,14.0,15.81025,20.0,24.0,26.0,0.12351757559302073,250,237,0.4219409282700422,0.06329113924050633,0.16455696202531644,"[97,10,12,13,11,9,14,6,13,16,14,22]",0.5877223578653645,0.44599745870393903,0.3499406880189798,0.04152021089630931,1,1,0,0,,,1.7142857142857142
9,Y,classic,128,128,91c74b702a9577a245445c89252f292eb779b5e478b5838b39c1f1ddb1f825c2,c40abbb7487200a7c5ce207e1648e1a26ea167854d493ed87504a3c8e94d7cd8,4771,0.29119873046875,False,"[24,18,104,110]",80,92,0.8695652173913043,0.6482336956521739,0.625,0.71875,eff3c1e284771de70eaf47032de2fc4ee12ca60dd55dbce33a0eeaef22ebae94,1,1,[4771],1,1,[383],0.1875,0.1875,0.140625,0.140625,12.16553,14.0,14.0,15.6205,28.0,28.0,29.52965,0.12203515118604147,255,246,0.3943089430894309,0.23170731707317074,0.1910569105691057,"[95,4,1,2,1,7,53,11,10,38,18,6]",0.4702619414483821,0.5435134260757036,0.3492647058823529,0.04380632990987214,1,1,1,1,,8.0,2.0
10,Y,classic,128,128,72659a429785628dd0d9a7b79c2969c80da979105b40759d36c6aa0d051d80c6,28e87a98c7770d74aa47a5964c0bee7c245895379922695909f9dcc4e61307a7,4618,0.2818603515625,False,"[23,18,105,110]",82,92,0.8913043478260869,0.6121420996818664,0.640625,0.71875,582add7be3fe59c1e5a7380ba985130b9333ff30c3f08a10634595011351f1d7,1,1,[4618],0,0,[],0.1796875,0.1796875,0.140625,0.140625,13.41641,14.0,14.0,14.89588,22.80351,26.0,26.07681,0.11637408589956583,238,238,0.4831932773109244,0.10504201680672269,0.12184873949579832,"[102,7,7,6,10,11,24,14,10,14,12,21]",0.5596082404593042,0.45448818897637794,0.525602907168814,0.036379385015158076,1,1,0,0,,,1.8571428571428572
11,N,new-only,128,128,ea8b4fefd02d62720742cbe1ddfdbbaa3f8c94fe18c09a9f65308f7b5df143b9,fc0f279bdf880c85f014442d396179891cd677d95c2de57d9d4afdea45ee4c7f,4459,0.27215576171875,False,"[26,16,102,112]",76,96,0.7916666666666666,0.6111567982456141,0.59375,0.75,5233d663ae244ccf2cde074418b05d5c36df4f28c97372a7a20166e802a12bb9,1,1,[4459],1,1,[700],0.203125,0.203125,0.125,0.125,12.0,14.0,16.0,19.69772,22.0,24.0,29.73214,0.15388840315306412,229,224,0.24553571428571427,0.19196428571428573,0.16964285714285715,"[47,17,14,14,14,25,32,15,12,10,8,16]",0.6807387862796834,0.6005025125628141,0.5728395061728395,0.01838977349181431,1,1,1,1,,26.0,1.7142857142857142
12,Y,classic,128,128,d51c3a79a2715bd70c9ac62513e63866e63d893d85a9877b76bb0a42056e8001,10625f6eb2ac92dd4cc7d7e1594528e9a9155fde8b1eb23f808982a02e1ef2ee,3420,0.208740234375,False,"[24,18,104,110]",80,92,0.8695652173913043,0.46467391304347827,0.625,0.71875,cc4a588da4d233c62fdcee7a7544bc06952b5284410cd28a98fa56115a59925f,1,1,[3420],0,0,[],0.1875,0.1875,0.140625,0.140625,14.0,14.0,14.0,22.0,24.37208,26.0,30.0,0.171875,131,131,0.3816793893129771,0.05343511450381679,0.10687022900763359,"[46,2,2,3,2,1,19,28,23,0,0,5]",0.48116067561715026,0.306340718105424,0.1640571817562968,0.050292397660818715,1,1,0,0,,,1.8571428571428572
13,Y,classic,128,128,cd6f1ca6f3124a91fc22bc9dca11d7f3e01d3ce5fc0d806bbc9818339edcbe36,c5b59a51a3fad628661f0031fa9b614dc44d7d60074f2079293b7e7a83d92c1c,5149,0.31427001953125,False,"[27,17,101,111]",74,94,0.7872340425531915,0.7402242668200115,0.578125,0.734375,66bf20bc3f2bc2a9d00696292557c796c2a1d73b08ed8f7ebc3c6108c39a6a4d,1,1,[5149],2,2,"[554,363]",0.2109375,0.2109375,0.1328125,0.1328125,14.14214,16.0,16.93911,19.69772,22.0,24.0,26.0,0.15388840315306412,252,242,0.2727272727272727,0.11570247933884298,0.08264462809917356,"[59,8,5,7,40,22,24,42,6,5,9,15]",0.9743098159509203,0.8343427146419665,0.8291296625222024,0.020198096717809283,1,1,2,2,,20.0,1.5
14,Y,classic,128,128,5a0e5fd9e743207f7368d3f6d62af4104c215b5126356a5d66715111d326fe7a,1b3f38c2c816f1cc9ac19f1f15ff94f0e9fc9a57572c25dba173d4104b9b00ae,4459,0.27215576171875,False,"[26,16,102,112]",76,96,0.7916666666666666,0.6111567982456141,0.59375,0.75,600cf91e9c55e8a619448f0f37088cc35d2a056047fb5ae762c59f296e11a701,1,1,[4459],1,1,[700],0.203125,0.203125,0.125,0.125,12.0,14.0,16.12452,19.79899,22.0,24.33105,29.73214,0.15467960838455727,231,225,0.25333333333333335,0.17333333333333334,0.16444444444444445,"[47,14,13,14,14,26,33,15,10,10,8,21]",0.6807387862796834,0.6005025125628141,0.5728395061728395,0.01838977349181431,1,1,1,1,,26.0,1.737932142857143
15,Y,classic,128,128,74e2410fde8b562fac339a176948bb07d7be1f8b585a715cbb8d3c039a6d3e4d,74d17a55fed672253719aadbdb16e910bf83d02851d2ab0c012c69dac61656d1,2429,0.14825439453125,False,"[22,26,106,102]",84,76,1.105263157894737,0.38048245614035087,0.65625,0.59375,3bc1eb5dfad8aa5431e7b6b52ae6cafa84e9a0129e680c7a254aa274021f1970,1,1,[2429],0,0,[],0.171875,0.171875,0.203125,0.203125,2.0,6.0,11.82843,18.43909,18.86796,19.69772,24.08319,0.14405538214520136,160,154,0.1038961038961039,0.0,0.5064935064935064,"[21,19,39,3,3,0,0,1,6,36,16,10]",0.17798254122211446,0.9731925264012997,0.17798254122211446,0.022643062988884313,1,1,0,0,,,3.2829533333333334
16,Y,classic,128,128,6647c905c1365742465d7cdebbe4797705dc16cb3f9e236c63dc168f08f77fed,bebf0076b9ecef5eb8c847cf1ac203d0e5d042e772108ac0a4121cfaf8a4bdac,2421,0.14776611328125,False,"[22,26,106,102]",84,76,1.105263157894737,0.3792293233082707,0.65625,0.59375,b54748cbf8a3f6809c2e171e09f25a2e739f300ad08c82c1218f7530b59b793e,1,1,[2421],0,0,[],0.171875,0.171875,0.203125,0.203125,2.0,6.0,11.65685,18.11077,18.43909,18.86796,24.08319,0.14149039278339715,163,157,0.10828025477707007,0.0,0.5031847133757962,"[23,17,37,2,5,0,0,4,3,39,18,9]",0.17752918287937744,0.9811783960720131,0.17752918287937744,0.02271788517141677,1,1,0,0,,,3.14466
17,Y,classic,128,128,da3af121f6653f511a5d1fb5a2478249eb6705bc205773809e200070397cc1e8,b3f8194f38dc2e9a7b1066caec31554af3394e6cccd7d4bafed168dc263beeb0,4405,0.26885986328125,False,"[23,18,105,110]",82,92,0.8913043478260869,0.5839077412513256,0.640625,0.71875,9543ce75ad0653ed095a93b29ceccd2d2192d0503e1a3bdcf300d170b4a3a531,1,1,[4405],0,0,[],0.1796875,0.1796875,0.140625,0.140625,14.0,14.0,14.0,20.0,26.07681,26.90725,26.90725,0.15625,211,203,0.4827586206896552,0.0049261083743842365,0.37438423645320196,"[98,4,5,2,2,1,3,17,71,0,0,0]",0.47571189279731996,0.47571189279731996,0.8531762726125368,0.04199772985244041,1,1,0,0,,,1.9219464285714287
18,Y,classic,128,128,88fe54e5ad0569c6fee3f08016a6473e8a8718ea1bda6a82cfe9265b5ff72f35,061568f301cd5d12a5f3730546e0f135bceceed0e986a108c58bcb84a0a14d34,520,0.03173828125,False,"[51,54,77,74]",26,20,1.3,1.0,0.203125,0.15625,4a695b3224614538cebedc2a267e5703799772d65bd8ad66b36ee4e0fd9edc45,1,1,[520],0,0,[],0.3984375,0.3984375,0.421875,0.421875,20.0,20.0,20.0,20.0,20.0,20.0,20.0,0.15625,6,6,1.0,0.0,0.0,"[6,0,0,0,0,0,0,0,0,0,0,0]",1.0,1.0,1.0,0.0,1,1,0,0,,,1.0
19,Y,classic,128,128,3b5b933587f96edc5c175722d1aef751831b9dddc547982386ae0f7c10f73623,e2ebb1d55c55d75b45a0e716e465a4e2bb460949837854af2f0df1097db29544,2688,0.1640625,False,"[43,18,85,110]",42,92,0.45652173913043476,0.6956521739130435,0.328125,0.71875,011c557d322d151934637ab717843331527d093afc3adfd6e9b669e9d504c933,2,2,"[1344,1344]",0,0,[],0.3359375,0.3359375,0.140625,0.140625,32.0,32.0,32.0,32.0,32.0,32.0,32.0,0.25,20,20,1.0,0.0,0.0,"[20,0,0,0,0,0,0,0,0,0,0,0]",1.0,1.0,1.0,0.03125,2,2,0,0,29.0,,1.0
20,N,new-only,128,128,dfb19a4ce0394f055307381932570afe4bc9269120254a4d71c2659bc43571e8,56f9f6d9f3c6037d301830fdb9fa5c3cba658c84398091cf5cde59509040a57a,3329,0.20318603515625,False,"[27,17,101,111]",74,94,0.7872340425531915,0.4785796434732605,0.578125,0.734375,fc7c1ae0ca830d88b29271fe4406d1386f143ba49b3a609a9d1dc0dbe9029f25,2,2,"[3005,324]",0,0,[],0.2109375,0.2109375,0.1328125,0.1328125,2.0,10.0,12.0,14.0,19.69772,23.67214,26.0,0.109375,193,186,0.3870967741935484,0.0967741935483871,0.12365591397849462,"[73,6,8,6,12,10,12,10,8,8,9,24]",0.48153093012906095,0.2529168234851336,0.23068391866913124,0.03394412736557525,2,2,0,0,9.0,,2.3672139999999997
21,N,new-only,128,128,f750ac374ee31ae7bd0e50cae1e2e47dbb4481fe3276c43a5fe732fa41907957,ef0c7d66227cd07af7d562f895cd6b83bcc9b5538a3432f0355e75166abaabcb,1072,0.0654296875,False,"[51,40,77,88]",26,48,0.5416666666666666,0.8589743589743589,0.203125,0.375,058611487a5bb161ed8050fcd038d158e427d074e6ad3a2caa2937cf92b7db9f,1,1,[1072],0,0,[],0.3984375,0.3984375,0.3125,0.3125,21.54066,22.0,22.0,22.0,22.0,24.0,24.0,0.171875,28,28,0.0,1.0,0.0,"[0,0,0,0,0,16,12,0,0,0,0,0]",0.7777777777777778,0.8231292517006803,0.8016806722689076,0.021455223880597014,1,1,0,0,,,1.0909090909090908
22,N,new-only,128,128,f773e45aacbfdc4f56fc0f1197960381afbbc83d318775b402b00a0c458dd8e8,95e7f3201b077db21be8f4ed36a441b8a696809d8d43ce8d2dbe11d7b92e39fc,1072,0.0654296875,False,"[51,40,77,88]",26,48,0.5416666666666666,0.8589743589743589,0.203125,0.375,485996d7a2bed94772a2ead36e494ccbeeeea26ea745eb49ac35b74b02be9b26,1,1,[1072],0,0,[],0.3984375,0.3984375,0.3125,0.3125,20.0,20.0,20.88061,22.0,22.0,22.0,24.0,0.171875,29,29,0.0,0.7931034482758621,0.0,"[0,0,0,0,0,0,25,4,0,0,0,0]",0.7777777777777778,0.8231292517006803,0.8016806722689076,0.021455223880597014,1,1,0,0,,,1.1
23,Y,classic,128,128,d46d1bc95e5db5b57ad230254ee6f5257bd69d4e70334c34012e35045a5c019d,360428534739f9536efc00b5beb5032fee1905386dc55eaf925ea606facdabf8,1702,0.1038818359375,False,"[36,43,92,85]",56,42,1.3333333333333333,0.7236394557823129,0.4375,0.328125,d55fb6b41852687f90b46ee22ad582df071c72a264c6473721d795b3f0534b3c,2,2,"[853,849]",0,0,[],0.28125,0.28125,0.3359375,0.3359375,8.0,12.0,16.0,19.69772,20.0,20.01995,20.39608,0.15388840315306412,79,79,0.0,0.4810126582278481,0.3670886075949367,"[0,0,0,0,0,0,42,7,12,18,0,0]",0.7896950578338591,0.7896950578338591,0.9953106682297772,0.022326674500587545,2,2,0,0,10.0,,1.6683291666666669
24,N,new-only,128,128,9cc7eaf3edf76678a0caf29fa89ff499ce4e76f612990eb338e1725a8713b441,b7d11bf78b7279b3af8f8a4fbf728ff1287d29650d2f3667b1150f33fd592ef0,4034,0.2462158203125,False,"[43,9,97,119]",54,110,0.4909090909090909,0.6791245791245791,0.421875,0.859375,257a9b18fff77e33233c5a02c1d5f57a8b192911d5f7cf75e197e8225e194c6a,1,1,[4034],1,1,[728],0.3359375,0.2421875,0.0703125,0.0703125,4.0,6.0,12.0,18.0,18.0,18.0,18.0,0.140625,286,276,0.12318840579710146,0.644927536231884,0.13768115942028986,"[28,6,10,4,2,3,176,3,8,23,6,7]",0.35824915824915826,1.0,0.35824915824915826,0.027268220128904314,1,1,1,1,,8.0,3.0
25,N,new-only,128,128,f9d4ed4aeb69be248cc8c2755946a9a9c2c86bce99d3ecf838a5cab6266946e0,2b54cc341ea550ccd6c399f62fbc3db68f039cccb2821f9c015cfb578c371fb3,4244,0.259033203125,False,"[31,9,86,119]",55,110,0.5,0.7014876033057851,0.4296875,0.859375,3a8998673b676b2844012ebe3781f57a24384fdb27429b4dff739527550560ca,1,1,[4244],1,1,[624],0.2421875,0.328125,0.0703125,0.0703125,4.0,6.0,12.0,18.0,20.0,20.0,20.0,0.140625,284,274,0.10583941605839416,0.6423357664233577,0.15328467153284672,"[23,6,12,4,2,3,174,2,9,25,6,8]",0.4039034072113794,1.0,0.4039034072113794,0.0999057492931197,1,1,1,1,,6.0,3.3333333333333335
26,N,new-only,128,128,c333c6c260923567a746c412a8c7b895f7be027011710bef60cd66d99003d90e,cfbb5d80086159a8f67a28ecfe762b053943b21444f1b35fed386c480f867bec,2012,0.122802734375,False,"[44,20,84,108]",40,88,0.45454545454545453,0.571590909090909,0.3125,0.6875,09fb812a85d444e26952a49d786b950a02a80ef83c371fbf9bf3d4bcb74a42df,1,1,[2012],0,0,[],0.34375,0.34375,0.15625,0.15625,10.0,10.0,10.0,12.16553,14.0,15.23155,17.20465,0.09504316453590968,155,116,0.5086206896551724,0.49137931034482757,0.0,"[59,0,0,0,0,0,57,0,0,0,0,0]",1.0,1.0,1.0,0.061630218687872766,1,1,0,0,,,1.523155
27,Y,classic,128,128,39cbefbc52871cba3215958ffe23f88dc0095d60c66b3d992e6f7592bf0ddefc,d9984d1c1d93c299ab3c64ec614d740a7c968a08501fded8d69955ec5a1f7b43,2848,0.173828125,False,"[33,34,95,94]",62,60,1.0333333333333334,0.7655913978494624,0.484375,0.46875,7311a1d1ffda59c6f3751986f1c6016c65effb2c1deea238d965a90f415e35fb,2,2,"[1424,1424]",0,0,[],0.2578125,0.2578125,0.265625,0.265625,24.0,24.0,24.0,24.0,24.0,24.0,24.0,0.1875,76,76,1.0,0.0,0.0,"[76,0,0,0,0,0,0,0,0,0,0,0]",1.0,1.0,1.0,0.04353932584269663,2,2,0,0,15.0,,1.0
28,Y,classic,128,128,1a0acafc98271a7bb39da9a05e8c0547e2ecde1f25aecb6ef9b32ddbd769ee68,50d586581fed6d219a7bdc0783d4d75b43ee97aac965674e46a135fdd499da92,2000,0.1220703125,False,"[51,14,77,114]",26,100,0.26,0.7692307692307693,0.203125,0.78125,45658a2e4810d96538d65c3f5f1cb02964f75798c058f3ee59c88f501862c7bf,2,2,"[1400,600]",0,0,[],0.3984375,0.3984375,0.109375,0.109375,6.0,6.0,6.0,6.0,14.0,14.0,14.0,0.046875,180,180,0.0,1.0,0.0,"[0,0,0,0,0,0,180,0,0,0,0,0]",0.5384615384615384,1.0,0.5384615384615384,0.0,2,2,0,0,7.0,,2.3333333333333335
29,Y,classic,128,128,6bc7f78cd7f0c2502398b085831197aeb11da49569ed3d36dd27024c82bc707a,fb5a58ce637d90ba47c8488af604d500ce023ccd924eab9d9f5fabdab3fc235d,1750,0.1068115234375,False,"[53,18,75,110]",22,92,0.2391304347826087,0.8646245059288538,0.171875,0.71875,668eefd837c7c32e10c60cad5f56fe7cdde1574ed8ba7b15a6c80c2ee03a9e72,2,2,"[961,789]",0,0,[],0.4140625,0.4140625,0.140625,0.140625,2.0,6.0,10.0,16.0,22.0,22.0,22.0,0.125,72,72,0.0,0.25,0.0,"[0,0,0,0,0,0,21,51,0,0,0,0]",0.8134715025906736,0.8134715025906736,0.8210197710718002,0.032,2,2,0,0,9.899494936611665,,3.6666666666666665
30,N,new-only,128,128,7630f37502a8b6516d47a1e006b460c98c349980699202addb6e21b533c54d8c,8e95726116f44d3136f3cd93b65baab5d27b40bac01e2f75c5406801e387c61f,2142,0.1307373046875,False,"[43,35,85,93]",42,58,0.7241379310344828,0.8793103448275862,0.328125,0.453125,2ad4b25ea810cbf429d150c2ef5dd9da7fa6b316bf7640de042df40d702eb979,2,2,"[1302,840]",0,0,[],0.3359375,0.3359375,0.2734375,0.2734375,20.0,20.0,20.0,20.0,32.0,32.0,32.0,0.15625,33,33,1.0,0.0,0.0,"[33,0,0,0,0,0,0,0,0,0,0,0]",1.0,0.7586206896551724,0.7586206896551724,0.0,2,2,0,0,8.0,,1.6
31,N,new-only,128,128,523f6b73c0bd0b0035556921be4f86eab1c880648c4c72900ea9c6756f3eaebb,4e06dbda28f7f674f7a3c63efa4c04538953fe9d5fd9d3c436e75c66df8b3ff0,1892,0.115478515625,False,"[42,41,86,100]",44,59,0.7457627118644068,0.7288135593220338,0.34375,0.4609375,436442a4ac7f4457a8703de99c0146374cd858193ca840bd89922aafac41ad21,3,3,"[1408,264,220]",0,0,[],0.328125,0.328125,0.3203125,0.21875,6.0,6.0,6.0,6.0,6.0,32.0,32.0,0.046875,89,89,1.0,0.0,0.0,"[89,0,0,0,0,0,0,0,0,0,0,0]",1.0,0.4576271186440678,0.4576271186440678,0.023255813953488372,3,3,0,0,9.0,,5.333333333333333
32,N,new-only,128,128,af83fd9e132a7b469a73577a1070e6cc5ed05a6d561adb89439e0370d3b5aacb,0d3319c60d049dfd31f6cd265d59a866aee8a5fb0352f3eab39486b702e9ddfd,1980,0.120849609375,False,"[45,63,100,107]",55,44,1.25,0.8181818181818182,0.4296875,0.34375,23344f746599585bafd0796aea7af0b7b3ff4e1f15e74b380c914ac4e685bb95,3,3,"[1496,308,176]",0,0,[],0.3515625,0.21875,0.4921875,0.1640625,4.0,4.0,4.0,8.0,8.0,34.0,34.0,0.0625,87,87,0.0,1.0,0.0,"[0,0,0,0,0,0,87,0,0,0,0,0]",0.6363636363636364,1.0,0.6363636363636364,0.044444444444444446,3,3,0,0,6.0,,8.5
33,Y,classic,128,128,d5559a72ea6db9e648145d7faa85de264a6859cd3931d1bdf56e57b75eea9acf,a29505a05b0d4006f31576dcbb40554b102aabf3e396bd37a38dcd9c3d2874f1,1036,0.063232421875,False,"[19,57,109,71]",90,14,6.428571428571429,0.8222222222222222,0.703125,0.109375,f4268b11e5013512083ac36b45ff50cfe4b5eeed088527009f62436cbe37ac8d,2,2,"[518,518]",0,0,[],0.1484375,0.1484375,0.4453125,0.4453125,14.0,14.0,14.0,14.0,14.0,14.0,14.0,0.109375,46,46,1.0,0.0,0.0,"[46,0,0,0,0,0,0,0,0,0,0,0]",1.0,1.0,1.0,0.0,2,2,0,0,17.0,,1.0
34,N,new-only,129,128,fd9f837856e9d43b717f83856fcff84a5a22e223a68e5f477b71b9e05a8b4253,6055d7291910ce0b99b3a3657d8fac5436fd371201e4714a5631b5ae4d070fb4,512,0.031007751937984496,False,"[53,53,77,75]",24,22,1.0909090909090908,0.9696969696969697,0.18604651162790697,0.171875,35c02944bf0bd47852d75dfecf18444289d0bafee886bd0a86e37b447ceafdf6,1,1,[512],0,0,[],0.4108527131782946,0.40310077519379844,0.4140625,0.4140625,22.0,22.0,22.0,22.0,22.0,22.0,22.0,0.171875,1,0,,,,"[0,0,0,0,0,0,0,0,0,0,0,0]",1.0,1.0,1.0,0.0703125,1,1,0,0,,,1.0
35,Y,classic,128,128,8018a6c377f61016a0ae4eb0a77ad467c1c4fae5bce8b5b1c185e7d395b1ab29,8e1295cbb916f4f7203c5651928a3659eb0ab658e4c78d559122dea8aa08daa5,2880,0.17578125,False,"[16,42,112,86]",96,44,2.1818181818181817,0.6818181818181818,0.75,0.34375,b9a0ec4fb007580587ccab2662fe5cc81d10a33b3fab2a5bfcd9521e79ae2848,2,2,"[1440,1440]",0,0,[],0.125,0.125,0.328125,0.328125,16.0,16.0,16.0,16.0,16.0,16.0,16.0,0.125,162,162,1.0,0.0,0.0,"[162,0,0,0,0,0,0,0,0,0,0,0]",1.0,1.0,1.0,0.001388888888888889,2,2,0,0,15.0,,1.0
36,Y,classic,128,128,4d66bba4b72a6e5c1994dd4d8cbcf06bd68d01ee52a97089d67cb24747d52c44,ca83039c11f75199e9d1ff9c2856d27bc08c373074cbe6f1774470d102ff8d78,3887,0.23724365234375,False,"[22,21,110,107]",88,86,1.0232558139534884,0.5136099365750528,0.6875,0.671875,abb61b29c553315465900e31d80ca069ce1e5c0099b2e9bd25a1db41f24a5cb0,1,1,[3887],0,0,[],0.171875,0.140625,0.1640625,0.1640625,8.94427,12.0,16.12452,18.0,20.02494,22.0,26.0,0.140625,208,200,0.37,0.15,0.165,"[76,14,14,15,23,19,16,2,1,11,4,5]",0.3710758377425044,0.33527997251803504,0.21811344406142275,0.0357602263956779,1,1,0,0,,,1.8333333333333333
37,Y,classic,128,128,e68c7baab1603b5f6582c4bf2cec1768ca18bb9b2b7f7bc8b371e7ac4dc6b926,40ac4959a0d5e9e5eaa08fd517d2b5147b9c073b7d0e66cfd860fb009acd89e2,4598,0.2806396484375,False,"[24,9,104,119]",80,110,0.7272727272727273,0.5225,0.625,0.859375,4f3e143c050b7852d2eede9775a3f260bc30dcd842766f77cf7f17be464c7bdc,1,1,[4598],0,0,[],0.1875,0.1875,0.0703125,0.0703125,10.0,10.0,12.0,18.0,20.0,22.0,23.32381,0.140625,275,265,0.4188679245283019,0.25660377358490566,0.09811320754716982,"[115,17,15,8,14,21,51,2,2,6,4,10]",0.6665458499456325,0.3937556835404668,0.3912254160363086,0.0117442366246194,1,1,0,0,,,2.2
38,Y,classic,128,128,4539ba7ddb38ae51ef88b6af82c20b3b1d91b717fa5d9a0e4fd69d2fea50239a,ddae005465b20d322ea0132bcf754a86994e069c252d0382cfc00779a7c3da1f,4548,0.277587890625,False,"[21,18,107,110]",86,92,0.9347826086956522,0.5748230535894844,0.671875,0.71875,910ecfa25d9945efd8c09be82015cca405f337485de19e921f1bd32183c67c21,1,1,[4548],0,0,[],0.1640625,0.1640625,0.140625,0.140625,18.0,18.0,18.0,22.0,26.0,26.0,29.52965,0.171875,192,182,0.554945054945055,0.3516483516483517,0.016483516483516484,"[97,6,1,0,0,0,64,0,0,5,5,4]",1.0,0.8548123980424144,0.8548123980424144,0.056288478452066845,1,1,0,0,,,1.4444444444444444
39,Y,classic,128,128,495acd1f1719ca2eb56dbe74be8717b16fc2c3f0eb35760d662bb3cdf964d68c,d30dfb0cebd40b56483e6c2076ce2afbe7df49d020654490c0855b768001ff07,5028,0.306884765625,False,"[22,12,106,116]",84,104,0.8076923076923077,0.5755494505494505,0.65625,0.8125,fd727f988c624b6c037e06fe6f09d2ffaa53904df3b2121a1931b8b61a6b7182,1,1,[5028],0,0,[],0.171875,0.171875,0.09375,0.09375,10.0,10.0,12.0,18.0,24.0,30.41678,34.0,0.140625,292,273,0.38095238095238093,0.2271062271062271,0.2564102564102564,"[101,14,32,22,2,0,63,2,6,22,4,5]",0.539969372128637,0.5264116575591985,0.4288150042625746,0.029832935560859187,1,1,0,0,,,3.041678
40,Y,classic,128,128,8a649da2609fee16a2a5954ebc62f3b656a3d13930dfb8ee6f8abbbeab1c963a,292c112ceac88f1e2fd4e2084ab3a8b81a10005c856adfbf5574ef4821a42db3,4326,0.2640380859375,False,"[23,18,105,110]",82,92,0.8913043478260869,0.5734358430540827,0.640625,0.71875,af0e84af55dfe71e2e71be3c4e8905285307f761bad3d7a126149bd4c75c09f6,1,1,[4326],0,0,[],0.1796875,0.1796875,0.140625,0.140625,10.77033,14.0,16.0,20.0,20.09975,26.0,30.52868,0.15625,217,204,0.3137254901960784,0.35784313725490197,0.10784313725490197,"[63,5,10,15,16,38,48,2,1,2,2,2]",0.3249617151607963,0.41929133858267714,0.29715142428785607,0.01779935275080906,1,1,0,0,,,1.8571428571428572
41,Y,classic,128,128,da1e2b48e376720a4cd3478a5aa45a568bd744bafe9d142e10edb501ab3d56d3,814904f2515823d055c52160ce6270f44ebabcc6554e6d5089e2aa912bbe32b3,4653,0.28399658203125,False,"[21,18,107,110]",86,92,0.9347826086956522,0.5880940343781598,0.671875,0.71875,0dbffa81871375f34df329097bd6e51965d7cdb77c9fa7b7751626195eef7550,1,1,[4653],0,0,[],0.1640625,0.1640625,0.140625,0.140625,14.0,20.0,20.0,20.88061,24.0,27.78489,31.241,0.16312978920172735,209,185,0.6054054054054054,0.2918918918918919,0.043243243243243246,"[119,0,0,0,0,3,52,3,3,5,0,0]",0.8597122302158273,0.6641630901287554,0.7551867219917012,0.014614227380184827,1,1,0,0,,,1.3892445
42,Y,classic,128,128,dbb98e54a7323f89117715a3d33a65c34d2103c7e1527e60d45582393aa9f4be,4703c97c9a0d70784924a8ba8277626abe0392efd1fa6733f3e39e925a145c8e,4386,0.2677001953125,False,"[22,12,106,117]",84,105,0.8,0.49727891156462584,0.65625,0.8203125,ca7c2390b9f34617c38b2da11bdb5a4d13ae0c42a3fd775469591e9977488d64,1,1,[4386],0,0,[],0.171875,0.171875,0.09375,0.0859375,10.0,10.0,10.0,18.0,22.0,24.0,26.0,0.140625,278,263,0.3916349809885932,0.16730038022813687,0.17870722433460076,"[97,20,22,29,18,20,30,0,1,9,10,7]",0.3862199747155499,0.3888537048765041,0.37578419071518193,0.028727770177838577,1,1,0,0,,,2.4
43,Y,classic,128,128,001068e288dae118a5faaa583bbdafe437da037685c6323e742fab9b5e9e1915,3ce2783dea72e44cc95ae548bed043d3245e96cbf50ca385ef31887435088428,3961,0.24176025390625,False,"[23,18,105,110]",82,92,0.8913043478260869,0.5250530222693531,0.640625,0.71875,d41dcda0f1aee83b9f0d87491e2540c9b868f867ffbbfa35af1bb52535f7490c,1,1,[3961],0,0,[],0.1796875,0.1796875,0.140625,0.140625,18.0,18.0,18.0,20.0,20.0,20.0,22.0,0.15625,187,186,0.5752688172043011,0.34946236559139787,0.0,"[107,3,0,0,3,1,65,3,0,0,3,1]",0.5328947368421053,0.8561387066541706,0.5072298325722984,0.04291845493562232,1,1,0,0,,,1.1111111111111112
44,Y,classic,128,128,09446060ff413024a5f631c278b98ea2e51477b41f2391d757b9315e62743aea,51efe8705adeefaee1c07e6b28c6a95fb1fe1f2b8db89d191428fd347ba79a8a,4400,0.2685546875,False,"[21,18,107,110]",86,92,0.9347826086956522,0.5561172901921132,0.671875,0.71875,f9a074937ecea19832ca30d87c73faee9fe36f0f0db1121a0a3026924c6bd984,1,1,[4400],0,0,[],0.1640625,0.1640625,0.140625,0.140625,12.0,16.12452,18.05539,22.0,24.0,26.06145,30.0,0.171875,203,177,0.3898305084745763,0.3898305084745763,0.0847457627118644,"[70,10,9,7,5,16,60,0,0,0,0,0]",0.7094017094017094,0.43696930111038534,0.42625607779578606,0.030227272727272728,1,1,0,0,,,1.6162620654754374
45,Y,classic,128,128,c49d1845d12f0cdd1e58a89e5bbfda7c177edf7705867f6041b6e0b83b060cde,21165d7f88f8c15c8dd89292978f043e1cc2c6318c1fa4ec2bfe9384736e491f,3858,0.2354736328125,False,"[18,18,110,110]",92,92,1.0,0.45581285444234404,0.71875,0.71875,a6a31e3be0fb0102c96b078678d2a4c8125c1e7b04bdde097d07ffceb589f583,3,3,"[2294,782,782]",0,0,[],0.140625,0.140625,0.140625,0.140625,12.0,14.14214,16.97056,18.0,19.69772,22.0,24.0,0.140625,172,172,0.5174418604651163,0.05813953488372093,0.12790697674418605,"[92,15,16,15,21,7,6,0,0,0,0,0]",0.24491771539206195,0.3131381892443839,0.21435316336166194,0.07309486780715396,3,3,0,0,10.0,,1.555634437220958
46,Y,classic,128,128,99d5fe21828cabc611eadf1cf68f2ff532aa085d79988af983b049a592bc9198,803004a7d05cb2d181e434e17723c48717feb2a2b58c0376549fe70c5b3c6380,3730,0.2276611328125,False,"[22,21,106,107]",84,86,0.9767441860465116,0.5163344407530454,0.65625,0.671875,2be6d040d1c243c9722e9c0c2e14698b030ee4bda8020bd9853bd716e9b2473e,1,1,[3730],0,0,[],0.171875,0.171875,0.1640625,0.1640625,7.2111,11.12696,16.97056,18.0,22.2257,24.26507,28.07134,0.140625,195,190,0.2578947368421053,0.2,0.21052631578947367,"[52,18,19,7,0,32,7,6,21,13,13,2]",0.400675929402929,0.5831918505942275,0.3451135953840606,0.025737265415549597,1,1,0,0,,,2.180745684355835
47,Y,classic,128,128,94254dec05b5e035be7f74024a7fdae421903a42547c0f768f17133207a9e8fd,c5a064e6802bff5de2b556581552e094e059a139ed7977c9c163a97ad092e922,4706,0.2872314453125,False,"[27,18,101,110]",74,92,0.8043478260869565,0.6912455934195064,0.578125,0.71875,a0add32f897c1b423924940585abbd9e50ab2aa29255f436784e773d15712bcf,1,1,[4706],0,0,[],0.2109375,0.2109375,0.140625,0.140625,12.0,12.0,14.0,18.0,22.0,22.0,26.07681,0.140625,277,259,0.5096525096525096,0.23938223938223938,0.08108108108108109,"[127,8,8,3,11,7,59,6,5,10,7,8]",0.6747330960854092,0.7250733137829912,0.5791946308724832,0.0554611134721632,1,1,0,0,,,1.8333333333333333
48,Y,classic,128,128,f73248001c88f976d927cba101263411ba50b22292becdb335b6169bc30fcd80,e0c4af6c0d1c0f179e8a6f06e98add0c09d9eb51a2988710b9555ec7172f7b80,3861,0.23565673828125,False,"[21,18,107,110]",86,92,0.9347826086956522,0.48799292214357937,0.671875,0.71875,f2ea030ed1c65f8f915c08712f3d4d9b4278d582d5851793142d6e5ca011edda,2,2,"[2776,1085]",0,0,[],0.1640625,0.1640625,0.140625,0.140625,12.0,12.16553,14.03553,22.0,24.06239,28.0,28.0,0.171875,146,146,0.1780821917808219,0.363013698630137,0.14383561643835616,"[30,13,17,12,9,16,48,1,0,0,0,0]",0.33969465648854963,0.3304617505168849,0.33969465648854963,0.046620046620046623,2,2,0,0,23.706539182259394,,2.3015848877936267
49,Y,classic,128,128,61a396ec6b5c0a605de858f5ff046639bdbe79415a94ef03d7576cddbe7921dd,3a8342afb847e4b432ea2f979bdc21190d9ed273975d080a6a6c0b8dca99ebd7,4244,0.259033203125,False,"[22,15,106,108]",84,93,0.9032258064516129,0.5432667690732207,0.65625,0.7265625,f0844059bae3f45798e5d23fd88cde989b0d41bb9fc06555614afcef88cc4fda,1,1,[4244],0,0,[],0.171875,0.171875,0.1171875,0.15625,8.0,11.89857,14.42221,18.0,22.0,25.05993,26.07681,0.140625,238,229,0.27074235807860264,0.12663755458515283,0.21397379912663755,"[63,15,18,21,36,19,12,2,4,12,14,13]",0.4212993971868721,0.39490550534100244,0.3655083655083655,0.03322337417530632,1,1,0,0,,,2.106129560106803
50,Y,classic,128,128,38c1ef726f030c7e0915a46b38d6ee4f2bbde1187d3879d9a72f5c317ef85ad1,a7231c92950775af22aad4532f70d6321b690a3fa10a35ecc8664b04b4a4e075,4943,0.30169677734375,False,"[14,18,107,110]",93,92,1.0108695652173914,0.5777232351566153,0.7265625,0.71875,04781974f7cd2936ff14f90aaf86df1a82848907b26549566068ba77c3563127,3,3,"[2772,1087,1084]",0,0,[],0.109375,0.1640625,0.140625,0.140625,12.0,12.64911,16.54754,22.0,23.4094,28.0,28.0,0.171875,179,179,0.1340782122905028,0.43575418994413406,0.11173184357541899,"[27,16,13,17,9,18,74,5,0,0,0,0]",0.5398753894080996,0.34174809989142235,0.330910070005385,0.04673275338863039,3,3,0,0,7.615773105863909,,2.2135944742357365
51,Y,classic,128,128,16d6997e9dc502000e8aa61b2e6da0bf61bcb838bb4ab611215a5a7204e432dd,0e7a61d0301fc3ef93783fb3cfc6ba41affdafc177dcc50e1acb3b26326d5608,4600,0.28076171875,False,"[21,18,107,110]",86,92,0.9347826086956522,0.5813953488372093,0.671875,0.71875,c19de56809162578d9e30eff092a460583b4e0b183a84b28e1fd78676810fad1,2,2,"[2880,1720]",0,0,[],0.1640625,0.1640625,0.140625,0.140625,12.0,15.7723,18.0,20.0,20.0,24.0,29.12044,0.15625,205,200,0.65,0.065,0.08,"[132,14,11,8,10,14,2,0,0,5,2,2]",0.7176997759522031,0.34110787172011664,0.34110787172011664,0.027391304347826086,2,2,0,0,10.0,,1.521655053479835
52,Y,classic,128,128,f72c4f16f747baaa2aed9ceeb16c6dfc7167a3d436f6291448f0065858402c69,67f066fd713228aed802463e63e9fe42bd43ee2cd6e90d432c07e790feede1be,3721,0.22711181640625,False,"[24,18,104,110]",80,92,0.8695652173913043,0.5055706521739131,0.625,0.71875,4e5db2fd2fb0cddb9830337765179e61cf4841daeeb4559d2119f7a5fc11cbe3,1,1,[3721],0,0,[],0.1875,0.1875,0.140625,0.140625,12.16553,16.0,22.0,23.32381,26.07681,30.46309,35.60899,0.18221724671391565,154,141,0.4397163120567376,0.23404255319148937,0.12056737588652482,"[65,7,11,9,15,19,15,0,0,0,0,0]",0.5713682432432432,0.30975008799718406,0.3781481481481481,0.043805428648212845,1,1,0,0,,,1.903943125
53,Y,classic,128,128,640d5fa032b19587ed4263c2fd760e01a29090111d9b129082f3300d27fffb0a,b5aa09533c3e011ee408dd567c3a76ef9625f0911bce32f35ea30dc960dc12a1,3954,0.2413330078125,False,"[19,18,109,110]",90,92,0.9782608695652174,0.47753623188405797,0.703125,0.71875,5b449ee587c52e93ca0838dd1cfa25ead7969c8f0cd1023c71db506dd33cdd79,2,2,"[2070,1884]",0,0,[],0.1484375,0.1484375,0.140625,0.140625,24.0,24.0,24.0,24.0,24.0,24.0,24.0,0.1875,125,125,1.0,0.0,0.0,"[125,0,0,0,0,0,0,0,0,0,0,0]",1.0,0.9101449275362319,0.9101449275362319,0.04350025290844714,2,2,0,0,47.0,,1.0
54,Y,classic,128,128,ba89ef36215f5d75ab5876f4773bef651a3f4d72429c17b166376ba3beae11c3,eb576ae624a7005dfceb3e677dd65bac61e2903e4acec79b931d542527201e05,4192,0.255859375,False,"[22,20,106,108]",84,88,0.9545454545454546,0.5670995670995671,0.65625,0.6875,8f04a737286d16a6113e28fa2778d57391b048f38d922a6a2d8c33342dcba5c8,1,1,[4192],0,0,[],0.171875,0.171875,0.15625,0.15625,4.0,11.6619,16.03113,18.0,21.37565,24.16609,27.85678,0.140625,250,240,0.25833333333333336,0.0625,0.16666666666666666,"[64,17,13,6,23,23,2,21,14,20,30,7]",0.3996661101836394,0.48284400424478247,0.27765925022858884,0.03125,1,1,0,0,,,2.072225795110574
55,Y,classic,128,128,c7fda3d793951a0cb9874b9af6dc9ce38b1624542bc43376094ce99a7c9f56ca,7dd368a9c794200e405041589e4cd52495141e89eeadbe82a4b72e64eed3b329,5056,0.30859375,False,"[22,12,106,116]",84,104,0.8076923076923077,0.5787545787545788,0.65625,0.8125,c5b716f7e3f19c1970a3b29d95a749e5fae0f67d6a3653e27e08fbed89920697,1,1,[5056],0,0,[],0.171875,0.171875,0.09375,0.09375,6.0,10.0,12.0,18.0,21.26029,22.36068,28.0,0.140625,299,274,0.4197080291970803,0.12043795620437957,0.11313868613138686,"[117,14,6,10,18,7,31,6,7,17,25,16]",0.6730641958967571,0.3959138597459967,0.32010443864229765,0.03540348101265823,1,1,0,0,,,2.236068
56,Y,classic,128,128,2963a88738d78745d66a208e0ab61b4f95d7d13fc69c6c846667a783ee11b998,8ab7e52dc5a61fe90c93474b3d10cb6fdea880f250318ad34e7d71cdcc57a350,4176,0.2548828125,False,"[20,18,109,110]",89,92,0.967391304347826,0.5100146555935515,0.6953125,0.71875,eb0b2c7131e79f85ed338ad836eeef7d8894c3ba585eaa93e6c0606c8e46e075,2,2,"[2091,2085]",0,0,[],0.15625,0.1484375,0.140625,0.140625,10.0,18.0,21.63331,22.0,22.36068,22.36068,23.4094,0.171875,172,172,0.0,0.38372093023255816,0.18023255813953487,"[0,0,5,8,14,50,70,4,6,15,0,0]",0.6838709677419355,0.4079568442346595,0.361591131398761,0.04190613026819923,2,2,0,0,8.0,,1.24226
57,Y,classic,128,128,47919672c4641e622b91c7bc4b8e5adfbfff00feed3179338a2581d248c15db4,eed51984d0fdaec1233182a428f9a61f5f9cbdbcf635c30c64922a915b4e45c1,3998,0.2440185546875,False,"[24,19,104,109]",80,90,0.8888888888888888,0.5552777777777778,0.625,0.703125,a63cbcd4504242eae6c478c7b304773808abdd3fdb4c4caed3a8c9bcad2b5d3c,1,1,[3998],0,0,[],0.1875,0.1875,0.1484375,0.1484375,16.12452,18.0,18.0,18.43909,26.0,26.0,28.42534,0.14405538214520136,179,175,0.56,0.26857142857142857,0.06857142857142857,"[87,0,0,0,0,4,48,5,6,7,5,13]",0.4202486678507993,0.32384105960264903,0.2830551989730424,0.04177088544272136,1,1,0,0,,,1.4444444444444444
58,Y,classic,128,128,c4ccfa81635a58f97ad4a4a5e96050b6e3d2ae4aee03cd1f6ea84cecedcd94b9,1311d7fad3704cc8624aaa596de4bc64266484198a1d8b3f8dfd379eaef7fdd4,4986,0.3043212890625,False,"[24,18,104,110]",80,92,0.8695652173913043,0.6774456521739131,0.625,0.71875,f645a21968451956dca0be0d4750c1c1fc4c0ea4fc1d3c897a0157a81f40798e,1,1,[4986],0,0,[],0.1875,0.1875,0.140625,0.140625,12.0,12.60075,16.0,17.08801,22.0,22.0,27.20294,0.1335000585205864,270,253,0.32806324110671936,0.40711462450592883,0.03162055335968379,"[76,4,3,1,12,21,109,4,1,7,4,11]",0.9591355599214145,0.548928238583411,0.5470058951287621,0.04011231448054553,1,1,0,0,,,1.7459278217566414
59,Y,classic,128,128,c33683b9a4d3bb066f15b521a01b34b987a99c557c364d7864d156d649bc1a49,2e949454e557d2df31dca503d799830191c36eca3e3990737a49b54ae793c225,3425,0.20904541015625,False,"[26,21,102,107]",76,86,0.8837209302325582,0.5240208078335373,0.59375,0.671875,6cb4f34d28adaa14a8423cbd3707c006453ed5566ac586ea00cf777c09cf3eb4,1,1,[3425],0,0,[],0.203125,0.203125,0.1640625,0.1640625,6.0,13.18622,16.0,16.06226,20.0,22.36068,24.41311,0.12548638865858242,198,194,0.28350515463917525,0.11855670103092783,0.18556701030927836,"[54,10,9,8,15,20,9,25,10,23,8,3]",0.592282659228266,0.266173752310536,0.30725190839694655,0.028613138686131388,1,1,0,0,,,1.695761180990458
60,Y,classic,128,128,65571cf8e55c72632478a968ebe9894a9d9e578ce7cd88fb495670d6a693e9ca,457ac47625bcc11d8cc8754fcefc6b6bb23a73c76d965bd0371b84b30633bba7,5399,0.32952880859375,False,"[20,18,108,109]",88,91,0.967032967032967,0.6742007992007992,0.6875,0.7109375,cafeae4512a66031935cb4ad80b4ab870180c71ba690485ef202e96c9627523c,3,3,"[1877,1871,1651]",0,0,[],0.15625,0.15625,0.140625,0.1484375,12.0,20.0,20.39608,22.0,22.0,22.0,22.0,0.171875,197,197,0.8984771573604061,0.0,0.04568527918781726,"[54,0,0,0,0,0,0,0,3,6,4,130]",0.6940696579855664,0.696998271255697,0.8844677137870856,0.028153361733654382,3,3,0,0,9.486832980505138,,1.1
61,Y,classic,128,128,8237541e3965df65d64f1211e9e56bd3cb8044f071bc618ac32b7b760d447f84,ab908d78c630b8cae33d471357700dc5bda5147935c94e8a44b2a78238699d96,4498,0.2745361328125,False,"[15,18,113,110]",98,92,1.065217391304348,0.4988908606921029,0.765625,0.71875,009380fd09ee07d31731be3a6308de5aa9a64faa2a53d9cc1450d40d841eb26e,1,1,[4498],0,0,[],0.1171875,0.1171875,0.140625,0.140625,8.0,16.49242,18.0,22.36068,24.73863,24.73863,28.84441,0.17469281074217108,191,179,0.24581005586592178,0.11731843575418995,0.11173184357541899,"[46,3,0,0,48,18,13,19,10,17,2,3]",0.6244131455399061,0.3426865671641791,0.32061068702290074,0.03601600711427301,1,1,0,0,,,1.5
62,Y,classic,128,128,f38c6e05d60641dc5c0a37dd3103767040d479ba84f41e2454f8b62e52e9d4a9,dd06a980ac9a0418b0cea45353b4df24e91a55725abe7c97841674aabfaa2b46,3094,0.1888427734375,False,"[22,22,106,107]",84,85,0.9882352941176471,0.43333333333333335,0.65625,0.6640625,b2cfc2a018fc1a641e1832f44fec2dcced681c6eb12b7ebeec20e74b902d2ca2,1,1,[3094],0,0,[],0.171875,0.171875,0.171875,0.1640625,10.0,11.6619,15.23155,17.08801,22.09072,26.0,30.59412,0.1335000585205864,177,166,0.060240963855421686,0.12048192771084337,0.3132530120481928,"[8,15,14,18,12,18,6,1,9,17,33,15]",0.2989084802686818,0.2907801418439716,0.31603572947681835,0.023917259211376857,1,1,0,0,,,2.229482331352524
63,Y,classic,128,128,baac38bf0f1006e9f30a21064e16932902d843778c9af5827a4279ae3fa9e0ea,f1c9796df9764d6a581e4f922b481bb68393f690541fd804678cdd8571922744,5119,0.31243896484375,False,"[18,18,110,110]",92,92,1.0,0.604796786389414,0.71875,0.71875,3f5e39361a73f6fdddfd56ad00d56134fea1ad9a10bb90e37abc9666992408e6,1,1,[5119],0,0,[],0.140625,0.140625,0.140625,0.140625,14.0,14.0,17.0,20.0,22.0,22.53781,29.73214,0.15625,267,249,0.6907630522088354,0.2248995983935743,0.024096385542168676,"[166,3,1,0,0,0,57,3,3,3,6,7]",0.5833591091865141,0.5568734793187348,0.42471472307264124,0.05723774174643485,1,1,0,0,,,1.6098435714285715
64,Y,classic,128,128,4af8ab4a9ab91c3b40bce51f387e0f1ae91726f645eb2f9ae5ff5ef791f5b167,021c08e501a954d8a6db1d0cd75fda8428d29821468367016db3eeba4dbc0b6c,4938,0.3013916015625,False,"[19,18,109,110]",90,92,0.9782608695652174,0.5963768115942029,0.703125,0.71875,31d0af12118cb33d64997a2703548b76fe3a3fea4a5523565466153624276d4e,1,1,[4938],0,0,[],0.1484375,0.1484375,0.140625,0.140625,12.0,12.0,14.30789,20.0,21.54066,24.0,28.42534,0.15625,258,239,0.4602510460251046,0.2928870292887029,0.06694560669456066,"[108,9,8,7,10,14,64,2,1,5,5,6]",0.6105675146771037,0.4040375319874893,0.3648424543946932,0.046172539489671933,1,1,0,0,,,2.0
65,Y,classic,128,128,2d0d0dbf514aae1fc67a2506c3d405b7cacaa6db3b3409375c7ac4776af30952,1698e5d343eb4cf29fbb23f0593b56c32525181715a6bd410febab8ed4cc369d,6331,0.38641357421875,False,"[19,18,109,110]",90,92,0.9782608695652174,0.7646135265700483,0.703125,0.71875,debdfd833a336a33b57d15bc73a65de2b35a3bd80b424fa5aaa7275fb9ea11c3,1,1,[6331],2,2,"[983,966]",0.1484375,0.1484375,0.140625,0.140625,12.0,12.0,18.0,18.0,22.0,26.0,28.0,0.140625,338,330,0.5151515151515151,0.37272727272727274,0.03939393939393939,"[158,4,2,3,4,12,116,4,5,5,4,13]",0.9384568279240662,0.9946439823566477,0.9384568279240662,0.0513347022587269,1,1,2,2,,24.0,2.1666666666666665
66,Y,classic,128,128,891e15e0d90fc5d70cda11e5674da3b8292c9937aafb8916881e37e00069effa,414c1fbf421b0cb46b25a32145f0c39f0e7213a363a9137d477112a3c8eaf376,4455,0.27191162109375,False,"[18,18,110,110]",92,92,1.0,0.5263468809073724,0.71875,0.71875,00c6b8477c65f3b1571886e4144c4ecd4ef73163e8b209bca50717d3dee2774b,2,2,"[3310,1145]",0,0,[],0.140625,0.140625,0.140625,0.140625,12.0,13.47477,14.0,18.92081,20.0,23.40084,28.0,0.14781886025438862,222,222,0.6756756756756757,0.05855855855855856,0.08558558558558559,"[151,17,10,6,9,16,1,2,3,2,2,3]",0.5910714285714286,0.3520485584218513,0.34105960264900664,0.04107744107744108,2,2,0,0,13.0,,1.7366411448952375
67,Y,classic,128,128,ea6391d0844c4eed66785228d086bc27574747ffa8d2fdd858533694883b00bf,52bf174d89fba9b60185c751c9f21bd1aaa57008be5354093ffc75a6168eaa21,4315,0.26336669921875,False,"[22,18,106,110]",84,92,0.9130434782608695,0.5583592132505176,0.65625,0.71875,1664defa255a08a1849f2f70b7198b37998d5662ce43e69445055b1986533645,2,2,"[2911,1404]",0,0,[],0.171875,0.171875,0.140625,0.140625,12.0,12.3106,16.09339,26.0,26.0,26.0,26.07681,0.203125,144,144,0.2222222222222222,0.5208333333333334,0.0625,"[33,13,7,4,9,11,67,0,0,0,0,0]",0.6608929946112394,0.47672826830937715,0.47672826830937715,0.021552723059096175,2,2,0,0,25.709920264364882,,2.112001039754358
68,Y,classic,128,128,1f563c12cf9cb3e02dbae4505ff5ed3cc129b817c412995711d6445145034bd1,dfabe69e744781b288d953b606f6cd520ac6308af7f5c014f22ed4d19983cd64,3671,0.22406005859375,False,"[21,22,107,106]",86,84,1.0238095238095237,0.5081672203765227,0.671875,0.65625,469ba17da840e3971744bf3002144821e0b8ad3818936f9f9d37d80f16dd7027,1,1,[3671],0,0,[],0.1640625,0.1640625,0.171875,0.171875,10.0,12.0,16.0,16.0,22.0,26.0,26.0,0.125,186,186,0.3655913978494624,0.23118279569892472,0.12903225806451613,"[70,15,10,12,16,19,28,2,5,4,2,3]",0.5528764805414551,0.3958174904942966,0.3167144906743185,0.011441024244075185,1,1,0,0,,,2.1666666666666665
69,N,new-only,128,128,a1c3bde42154c32040414b3e0994f038316c0cd2f3744915b35bd49e32a9ad5b,289989823b84e470abe56cb9c4aa2f741c8096306a92de9b4ae004cd203bd33d,376,0.02294921875,False,"[53,53,75,75]",22,22,1.0,0.7768595041322314,0.171875,0.171875,4ab36298c1a32912243dd84dd442cfab2d536c26de2edc3062b35011a5f7a18f,1,1,[376],0,0,[],0.4140625,0.4140625,0.4140625,0.4140625,20.59126,20.59126,20.59126,20.59126,20.59126,20.59126,20.59126,0.1608692209529219,1,0,,,,"[0,0,0,0,0,0,0,0,0,0,0,0]",1.0,1.0,1.0,0.0425531914893617,1,1,0,0,,,1.0
70,Y,classic,128,128,18478e3c21866ffa80d92b0a629c1cd21c3ac954a9e2080951875e5be0b6f5b7,d16844446293217cfbf7a283db23c8f980c62db34755c2267754733d46b16827,1476,0.090087890625,False,"[23,55,105,73]",82,18,4.555555555555555,1.0,0.640625,0.140625,311af860512d3a872f6f68b9db982167e88c6e46d304b618f62ec8193999da6e,1,1,[1476],0,0,[],0.1796875,0.1796875,0.4296875,0.4296875,18.0,18.0,18.0,18.0,18.0,18.0,18.0,0.140625,64,64,1.0,0.0,0.0,"[64,0,0,0,0,0,0,0,0,0,0,0]",1.0,1.0,1.0,0.024390243902439025,1,1,0,0,,,1.0
71,N,new-only,128,128,e79bfc91ed4973afab4caeb872ea1d578223b0168b918e72cbb00ab798cfef49,ca86c1a60fc0fec48aaeae8164ea522a7c7e19c4085dcc11abbf554b91828e70,1512,0.09228515625,False,"[45,19,83,109]",38,90,0.4222222222222222,0.4421052631578947,0.296875,0.703125,efc9fb00c901dfc35fae83c37bb420411419726888e07fd92ab7d73f172befc7,3,3,"[512,500,500]",0,0,[],0.3515625,0.3515625,0.1484375,0.1484375,22.0,22.0,22.0,22.0,22.0,22.0,22.0,0.171875,4,0,,,,"[0,0,0,0,0,0,0,0,0,0,0,0]",0.3897058823529412,0.3897058823529412,1.0,0.0291005291005291,3,3,0,0,13.0,,1.0
72,N,new-only,128,128,52ec4ba72660adc01de4e8cbd9ae1f66842a4cb5ee0bed67a7e70f5b6c99f525,451b6c01cfdcbeddbd8bbb057749e85d39c7be8995cd381324fc058075cda1b6,1512,0.09228515625,False,"[45,19,83,109]",38,90,0.4222222222222222,0.4421052631578947,0.296875,0.703125,bb53ad52e200f1ab650420ab45ccea60a7384a80503e0fccaadc8420d615f1e4,3,3,"[512,500,500]",0,0,[],0.3515625,0.3515625,0.1484375,0.1484375,22.0,22.0,22.0,22.0,22.0,22.0,22.0,0.171875,4,0,,,,"[0,0,0,0,0,0,0,0,0,0,0,0]",0.3897058823529412,0.3897058823529412,1.0,0.0291005291005291,3,3,0,0,13.0,,1.0
73,N,new-only,128,128,58f70e63e7cfd2dcd620f3c3fcf32e1f92594f724e4d5e64d9939d471da2e808,71900949ceb7e71181f4c04c9d6f2d7025d399982f535644dac2f6d9d33651ef,3346,0.2042236328125,False,"[19,22,109,110]",90,88,1.0227272727272727,0.42247474747474745,0.703125,0.6875,3d73817da9801525c0824420acb39f49cfd5260feadd4313763bb6938346258e,2,2,"[1676,1670]",0,0,[],0.1484375,0.1484375,0.171875,0.140625,10.77033,14.42221,15.6205,16.97056,23.32381,24.08319,25.05993,0.13258252147247765,133,133,0.09022556390977443,0.0,0.5112781954887218,"[16,15,27,24,8,1,0,0,0,25,10,7]",0.36126932465419037,0.36126932465419037,0.9775413711583925,0.02749551703526599,2,2,0,0,19.1049731745428,,1.6698682102118885
74,N,new-only,128,128,c26e3fcf344b4ca8b6753379a9f02f2b002ec14f9f7af90666316d771ab46173,ab6cd1908339ee85d4f7d666cf1d7bfb8e5c16509b76f888887b54a93fa5a3fb,3665,0.22369384765625,False,"[18,24,110,110]",92,86,1.069767441860465,0.46322042467138524,0.71875,0.671875,e837a03add92b35aaf33424d4100d717f23df3177ecd3451e9aa2eb5f03c7fbf,3,3,"[2206,1182,277]",0,0,[],0.140625,0.140625,0.1875,0.140625,4.47214,16.08716,16.97056,16.97056,28.31954,29.73214,29.73214,0.13258252147247765,148,146,0.0410958904109589,0.02054794520547945,0.8082191780821918,"[3,0,0,0,0,0,4,2,51,68,14,4]",0.4009938837920489,0.3919483478921382,0.47603705195328233,0.027557980900409278,3,3,0,0,10.816653826391969,,1.848190730992916
75,N,new-only,128,128,50cbdff5d07c5861ed8fb389df84e2d199e18b28ff38b7910a4b0d0cac699d7d,41d45cd9457a57a0e18fe62a904cbccc3ab564e1007785e8d10e1edf69594ff6,3151,0.19232177734375,False,"[20,21,108,110]",88,89,0.9887640449438202,0.4023237997957099,0.6875,0.6953125,5cae7cc6e84b66b648a5a8b839f954070d187d82781b031e42a07e9da448ea32,2,2,"[2808,343]",0,0,[],0.15625,0.15625,0.1640625,0.140625,12.0,12.80625,13.41641,14.14214,15.99851,25.05993,26.83282,0.11048543456039805,162,161,0.043478260869565216,0.031055900621118012,0.7142857142857143,"[5,14,56,25,3,3,4,3,29,10,5,4]",0.38932980599647266,0.4679711157698579,0.49195075757575757,0.029197080291970802,2,2,0,0,9.219544457292887,,1.9568515373352855
76,N,new-only,128,128,dd0894a4ad708464306ae619f1c7b29818cf412ec3150de1f34be3d903b020c2,2a1d9acf40a31379aa6df20acddb76e1df7eb54f848f7f611ce6837609c4c3f4,3130,0.1910400390625,False,"[21,31,106,110]",85,79,1.0759493670886076,0.466120625465376,0.6640625,0.6171875,3af4d4f1252597739a6660f0cc19d5af91bce2b6c52f8ffc19e3bcadf361e7df,2,2,"[2845,285]",0,0,[],0.1640625,0.171875,0.2421875,0.140625,10.19804,14.14214,14.14214,23.0,26.90725,28.28427,28.42534,0.1796875,118,111,0.0,0.0,0.8558558558558559,"[0,0,21,37,0,0,0,8,22,17,6,0]",0.4240218380345769,0.4017017465293327,0.29633464485400707,0.019488817891373803,2,2,0,0,10.63014581273465,,1.9999992928934376
77,N,new-only,128,128,3db3242e9076ec29533398c65f4fe7f6576dd54fbbf420e361654a17006117b8,3cb0aa80f51a196502100beb7ce8d612ec64b44a694ac0f487e4e972f892b40c,2879,0.17572021484375,False,"[20,24,108,109]",88,85,1.035294117647059,0.38489304812834224,0.6875,0.6640625,e1a4b34328339abc3102422df30c1830958ea4c7123126b3590ebec5b093af46,2,2,"[2633,246]",0,0,[],0.15625,0.15625,0.1875,0.1484375,8.94427,10.77033,11.31371,12.16553,21.26029,22.36068,22.62742,0.09504316453590968,173,166,0.024096385542168676,0.0,0.7951807228915663,"[4,8,37,52,0,0,0,9,40,8,7,1]",0.16747769667477697,0.2533739660426643,0.3814779270633397,0.027787426189649182,2,2,0,0,14.142135623730951,,2.0761369428791876
78,N,new-only,128,128,bd1f661a89f3273fad06816d7843b9ecfd2f7f731d6581c30d793f646425cfdf,2cc92d8dfdda1fe46a768f5b689c288b2933efc4bf8e7fd5719b017c0a531a59,1651,0.10076904296875,False,"[27,54,101,110]",74,56,1.3214285714285714,0.3984073359073359,0.578125,0.4375,1e3c964f2d4a6107e66da7ff65536a6b9f8e691c1be64bc1bb4435f3aeb2641d,2,2,"[1425,226]",0,0,[],0.2109375,0.2109375,0.421875,0.140625,10.0,11.31371,11.31371,12.80625,17.88854,22.36068,22.62742,0.10004881620988826,77,75,0.04,0.0,0.76,"[4,7,14,32,0,0,0,0,5,8,3,2]",0.414738646101114,0.3061708860759494,0.36898839137645106,0.03634161114476075,2,2,0,0,12.041594578792296,,1.976423295276262
79,N,new-only,128,128,acff0302f11c30e69529adede62a4c8ed75321774c44e717fe453c9d6d89a39f,5d3136e59e88c5f8f3fcb451a5563c1f73b664acdd173e41bfd83ded1cd8869f,2740,0.167236328125,False,"[21,37,107,110]",86,73,1.178082191780822,0.4364447276202612,0.671875,0.5703125,d874d3e9faf0056b68dc5b774559217276a6732256209a0ba5a964f3c9628b82,3,3,"[2304,229,207]",0,0,[],0.1640625,0.1640625,0.2890625,0.140625,6.0,8.24621,11.6619,16.60626,20.59126,22.36068,24.16609,0.12973641791887564,136,127,0.03937007874015748,0.14960629921259844,0.33070866141732286,"[3,21,10,2,13,1,20,10,16,22,6,3]",0.4489687995769434,0.3154104656745079,0.33658536585365856,0.033576642335766425,3,3,0,0,7.211102550927978,,2.711631161466904
80,N,new-only,128,128,5010be4f0a41cf96edb9d199d3aee408e49f562b3ccd3f28dc592bab4b83b67e,57a331d7c4ea49a9637535f850ea7ae47bc855c62b4bab4a43c61c4266e96892,3172,0.193603515625,False,"[21,18,107,110]",86,92,0.9347826086956522,0.40091001011122346,0.671875,0.71875,9bc9ece891a5e0b79fce4df37e9107dd5ec76935ad0e6de2769a20536472d732,2,2,"[1916,1256]",0,0,[],0.1640625,0.1640625,0.140625,0.140625,8.94427,12.26224,14.14214,15.6205,21.26029,22.36068,22.62742,0.12203515118604147,163,163,0.05521472392638037,0.0,0.7484662576687117,"[10,13,17,39,1,0,0,0,0,70,8,5]",0.24734565473849784,0.24440957238132602,0.3316540722082284,0.02269861286254729,2,2,0,0,17.804493814764857,,1.823539581675126
81,N,new-only,128,128,6f454f53f0268c71f22547f33feff77724de3f65e17d92eacf2ee09654ddfc86,8647d12a526aa308b9dc87017656aacc04d84a2563b1b773e8786a9f3a769733,2564,0.156494140625,False,"[21,38,107,110]",86,72,1.1944444444444444,0.4140826873385013,0.671875,0.5625,fea70cefca2e7fb76b9a01f3e501077c91d7a8a1f2df9ea0bb60a8d743172437,2,2,"[2081,483]",0,0,[],0.1640625,0.1640625,0.296875,0.140625,12.16553,13.88328,14.42221,15.6205,22.0,26.07681,26.90725,0.12203515118604147,89,82,0.06097560975609756,0.0,0.5609756097560976,"[4,15,8,11,0,0,0,2,17,18,4,3]",0.3934782608695652,0.4252362423568649,0.3048346055979644,0.0327613104524181,2,2,0,0,8.48528137423857,,1.8782888481684443
82,N,new-only,128,128,2b724be03012704ee9fd8e21dc15c5cd35f96d08da9223adbe40fcfb88e4f03c,07245841300bd16a6b688482940fa666a389a35d676875fe88fe88cf86277491,3655,0.22308349609375,False,"[20,21,108,110]",88,89,0.9887640449438202,0.46667517875383047,0.6875,0.6953125,7518b674aa482b3eb571740b196c80b639d4fe30d354eb1697631016c4fcedd4,2,2,"[3355,300]",1,1,[1056],0.15625,0.15625,0.1640625,0.140625,10.19804,11.6619,12.80625,15.23155,20.94522,25.45584,26.83282,0.11899645477912357,194,192,0.036458333333333336,0.036458333333333336,0.65625,"[5,17,44,22,12,6,4,5,25,43,4,5]",0.45617529880478086,0.4869812855980472,0.6874422899353647,0.027906976744186046,2,2,1,1,8.602325267042627,10.0,2.1828209811437245
83,N,new-only,128,128,3f9b049c59bcd8c79cfd8895a61fc4d5747d512deac4673bf895de8056cde009,3a964ec2ea5e02a251d2cccfae589b6dbd451e8f2c60dd8b845fc96e4d8ea95a,3486,0.2127685546875,False,"[21,22,107,110]",86,88,0.9772727272727273,0.4606236786469345,0.671875,0.6875,cbd08f396304cb31c87152e392632a5ba0b076709661b4663a596f7a407d294a,2,2,"[3182,304]",1,1,[1010],0.1640625,0.1640625,0.171875,0.140625,10.0,11.31371,12.6884,14.56022,18.62311,25.45584,25.6125,0.1137517170200081,190,189,0.031746031746031744,0.042328042328042326,0.6772486772486772,"[7,14,22,41,12,7,3,4,10,61,5,3]",0.4537114261884904,0.4537114261884904,0.6631679389312977,0.022948938611589215,2,2,1,1,8.48528137423857,10.0,2.2499993370874805
84,N,new-only,128,128,a7127388cd51e297dbf1688544a25e7c63918aeddcb97d7eb4c11e2e76c5bf74,12b292596cb531dcda1c57260fbeb33f59d37c59e5d8776ea75c2aee5af3f8c4,2763,0.16864013671875,False,"[20,47,108,110]",88,63,1.3968253968253967,0.49837662337662336,0.6875,0.4921875,6f6f3b6ee540255af2926865bc2bb0ec782d7ac089e2acf33b85e5f0aa8cb7a2,2,2,"[2589,174]",0,0,[],0.15625,0.15625,0.3671875,0.140625,6.0,8.24621,12.0,17.08801,21.63331,23.54416,26.0,0.1335000585205864,159,145,0.013793103448275862,0.2206896551724138,0.32413793103448274,"[2,18,12,3,11,7,34,10,17,25,4,2]",0.48628294782140935,0.3664688427299703,0.3438715953307393,0.029677886355410785,2,2,0,0,11.313708498984761,,2.8551492140025543
85,N,new-only,128,128,2ddfbebc0aa87b1f7734d890d2f2368386d6a97051fe9393926c0d06cec57100,859d4721520b01f2f3bec502bf7e42f1ac06ab1ac19a8a422bf76a994f2c2c53,3562,0.2174072265625,False,"[24,18,104,110]",80,92,0.8695652173913043,0.48396739130434785,0.625,0.71875,841e881a94f1e29737edec31a18ac592ecd031ab260a534e8f6de6dec091694b,1,1,[3562],0,0,[],0.1875,0.1875,0.140625,0.140625,8.0,12.60075,16.0,19.69772,20.0,20.4156,24.08319,0.15388840315306412,190,186,0.24731182795698925,0.5053763440860215,0.021505376344086023,"[43,1,2,1,22,30,75,1,2,1,2,6]",0.6023391812865497,0.2169456781687735,0.19932659932659932,0.04772599663110612,1,1,0,0,,,1.6201892744479496
86,N,new-only,128,128,ef4da8591c52ae5550802d3177388efc4668e831e54e20baf54f02feb7031ebd,f9970ba81adaf39c795f63e49d28cc0e5063f48bb30518ab2f9465e1360eddc5,4701,0.28692626953125,False,"[20,15,108,113]",88,98,0.8979591836734694,0.5451066790352505,0.6875,0.765625,b1749d6f12eb56b7247380af90da703f98bf26ab52516f27182d1bcfd96c478d,1,1,[4701],1,1,[202],0.15625,0.15625,0.1171875,0.1171875,7.2111,14.0,15.23155,18.0,18.0,20.0,24.0,0.140625,288,280,0.32142857142857145,0.37142857142857144,0.05357142857142857,"[74,2,1,1,23,33,91,8,9,7,9,22]",0.5357726233257105,0.37095363079615046,0.272948822095857,0.022761114656456072,1,1,1,1,,13.70820393249937,1.4285714285714286
87,N,new-only,128,128,521197dce5380ec23f85cde4ff13a08a8584b646872f4f9cbd621246bcb9f94e,4b38baf7519fdbb2cf73098383a248b29e430b4558c76b51eeaf1719c0e119dd,4701,0.28692626953125,False,"[20,15,108,113]",88,98,0.8979591836734694,0.5451066790352505,0.6875,0.765625,f856fd9f7c1af3b0aaeac66583c6bfd6b6dc8db139fbac7b760b71832876d234,1,1,[4701],1,1,[202],0.15625,0.15625,0.1171875,0.1171875,6.32456,14.0,14.52572,18.0,18.0,20.09975,24.33105,0.140625,284,274,0.3284671532846715,0.36496350364963503,0.043795620437956206,"[90,8,5,9,16,44,70,24,0,0,3,5]",0.5357726233257105,0.37095363079615046,0.272948822095857,0.022548393958732184,1,1,1,1,,14.0,1.4356964285714287
88,N,new-only,128,128,bce502f1d2e7dd3b162d0b98931eaab8bb0e5a4a62fe95f0a59b825f07355140,a0eab48199d8b1b78b8ce677fad645340d1c9b531f1e5360ea3b796a4e4e762a,3787,0.23114013671875,False,"[19,17,109,111]",90,94,0.9574468085106383,0.4476359338061466,0.703125,0.734375,b5c8b4741e49654125861a2a4d4dd45f1a71ec2657c057b889e73332fc0689c2,1,1,[3787],0,0,[],0.1484375,0.1484375,0.1328125,0.1328125,4.0,8.6,15.6205,18.0,20.0,24.0,28.42534,0.140625,204,198,0.494949494949495,0.06565656565656566,0.06565656565656566,"[98,22,6,9,12,17,16,13,0,0,0,5]",0.5245571658615137,0.22516984794564865,0.28721957851801494,0.024029574861367836,1,1,0,0,,,2.7906976744186047
89,N,new-only,128,128,7e955413aa3284a5c0940ec1c36817a6b5b09ba2f2d3e87455453544d43a0869,2f1e343f63607aecafd47817865a8afd1dbe9fedfd25d14a2945302833a0601b,4432,0.2705078125,False,"[21,18,107,110]",86,92,0.9347826086956522,0.5601617795753286,0.671875,0.71875,62ebf28d855f5a33523720f374f108b51944e90663860c95c33cc439b3fcbf54,1,1,[4432],0,0,[],0.1640625,0.1640625,0.140625,0.140625,4.0,10.82467,18.0,20.0,20.0,23.4094,26.83282,0.15625,232,227,0.4052863436123348,0.3039647577092511,0.05726872246696035,"[83,15,6,8,12,19,62,2,1,1,2,16]",0.5716312056737589,0.4675496688741722,0.39152276295133437,0.018276173285198555,1,1,0,0,,,2.1625971045768604
90,N,new-only,128,128,e92aaf52966481c8141453e76044ef4a0d8e0118ffb0804e72c3038b225edb6b,a99ee48c146efdb2b44d0a489f06d41f2201e6109a2a67ecb16d28449efda5ac,5020,0.306396484375,False,"[20,18,108,109]",88,91,0.967032967032967,0.6268731268731269,0.6875,0.7109375,3500728762db5430666590d4b7385dbece33c7ecd6a6e51299e74b28c0aeadaa,1,1,[5020],1,1,[225],0.15625,0.15625,0.140625,0.1484375,6.0,14.0,16.12452,18.0,20.0,20.0,24.08319,0.140625,294,281,0.3665480427046263,0.27402135231316727,0.0711743772241993,"[86,6,8,7,8,19,73,15,4,5,14,36]",0.5796098174952801,0.4202857547036356,0.4446043165467626,0.034262948207171316,1,1,1,1,,14.615773105863909,1.4285714285714286
91,N,new-only,128,128,3afc94b641b75f09517f03b0da057ac5de3c8e9c6529a2447759c194e424dc01,c32d2eb26ee3211d9a5775bf437a648771a4d2268fb829451739fe50a56fbb60,3734,0.2279052734375,False,"[19,19,109,109]",90,90,1.0,0.46098765432098765,0.703125,0.703125,98e6e44132510545e55690918a778fe7f2c9c059520183711ff62c7732cb4b05,1,1,[3734],0,0,[],0.1484375,0.1484375,0.1484375,0.1484375,4.0,8.0,17.08801,20.0,22.0,24.0,27.20294,0.15625,186,179,0.2569832402234637,0.329608938547486,0.03910614525139665,"[16,3,4,9,8,16,58,18,0,0,7,40]",0.5448903599503516,0.426824608330149,0.36676427525622257,0.016871987145152652,1,1,0,0,,,3.0
92,N,new-only,128,128,ba714d2ef73bddc4851abc5019780bbf72cfcb2047af97add64a9ea8004467b8,0d72852a5a85e705c6e90dd7e60cc79b1799c75dda7689f9236b8e39e68b9489,3675,0.22430419921875,False,"[23,19,105,109]",82,90,0.9111111111111111,0.49796747967479676,0.640625,0.703125,4c590e54f4460c2b15869030b46bb92222b25ddb777d651c3df7e2dc5109b3f6,1,1,[3675],0,0,[],0.1796875,0.1796875,0.1484375,0.1484375,7.2111,12.09932,16.30847,20.0,22.0,22.36068,25.45584,0.15625,187,176,0.32386363636363635,0.32954545454545453,0.045454545454545456,"[55,5,3,5,5,18,51,22,0,0,3,9]",0.5874730021598272,0.4069678407350689,0.37588918008236616,0.03537414965986395,1,1,0,0,,,1.848093942469494
93,N,new-only,128,128,e2c9e84e94f1d47c6ba834982bf00f12421ada30d9514f001df2eedd44f48682,29e6b011b2b74fe6d4d1ea7aa17a5f4886f7d6f217422c3aa92a4ec728efcfc7,4964,0.302978515625,False,"[23,19,105,109]",82,90,0.9111111111111111,0.6726287262872629,0.640625,0.703125,69ce63cdd9b82c0dfc1c31eda000ce61b365d06688dec6d8aa89d2f8b716ccf6,1,1,[4964],2,2,"[356,166]",0.1796875,0.1796875,0.1484375,0.1484375,4.0,10.0,16.0,18.0,20.09975,22.0,26.0,0.140625,319,297,0.2222222222222222,0.32323232323232326,0.06060606060606061,"[71,26,6,4,17,43,71,10,10,8,8,23]",0.5092733353602918,0.5129533678756477,0.432198499711483,0.015108783239323126,1,1,2,2,,11.661903789690601,2.2
94,N,new-only,128,128,24f58b01d439e97a682f205cebc6a93e6005c529d6be162e69db0c396b77aad1,5a0c0cf0d01fc917b728b92b90522e9efd46d83c43017da11b8d2693efd251cb,3733,0.22784423828125,False,"[19,19,109,109]",90,90,1.0,0.4608641975308642,0.703125,0.703125,02615dcccc5fb4615dc4de12bfebf54475ed730f8a97ee21ff0e78ddf764652d,1,1,[3733],0,0,[],0.1484375,0.1484375,0.1484375,0.1484375,4.0,8.0,16.93911,18.0,22.0,24.0,28.84441,0.140625,204,193,0.43523316062176165,0.18134715025906736,0.06735751295336788,"[71,2,0,0,1,5,38,8,8,10,23,27]",0.5324302134646962,0.20887305699481865,0.23814262023217247,0.035896062148406106,1,1,0,0,,,3.0
95,N,new-only,128,128,f8ac04ac4ef7fb84322966b701251d7cabc310d4fa86d86be9300984a3040e79,d03c1cbdc24ef70e5cc3e0916c717d9469d3298e61e8c7dce468db9ea8c58bc5,4925,0.30059814453125,False,"[24,20,104,108]",80,88,0.9090909090909091,0.6995738636363636,0.625,0.6875,f72e36b6488c487a9a6b191a51ac7a4be50b8664e59fe621003a8690d62cce2e,2,2,"[4538,387]",1,1,[1569],0.1875,0.1875,0.15625,0.15625,14.0,14.0,15.42602,18.0,24.16609,28.0,28.0,0.140625,227,225,0.21333333333333335,0.3377777777777778,0.12444444444444444,"[38,15,8,10,11,17,70,14,9,8,9,16]",0.7268583450210379,0.9858870967741935,0.7244397759103641,0.029441624365482234,2,2,1,1,8.0,10.0,2.0
96,N,new-only,128,128,eea673bddc304271d73b7011bf48a5ea26018868affb33aa99e56d9bb3d6a85c,bdec45d4c0d5010dd4f8db44f9b212b357865b1f7328e15b6282937d9cd6e846,4920,0.30029296875,False,"[20,17,108,111]",88,94,0.9361702127659575,0.5947775628626693,0.6875,0.734375,e6f3ce9b791a1c55aab7c04070e48682d4176ae2b57ea8cc87d9beee6148f76e,1,1,[4920],1,1,[1409],0.15625,0.15625,0.1328125,0.1328125,10.77033,12.0,12.0,16.12452,18.86796,24.0,29.52965,0.12597277731716483,304,300,0.27666666666666667,0.16666666666666666,0.32666666666666666,"[78,17,80,9,11,14,42,15,10,8,4,12]",0.5105925698495548,0.6616008105369807,0.5018315018315018,0.038211382113821135,1,1,1,1,,18.0,2.0
97,N,new-only,128,128,061e003914f463541683ce169733d8aae86027bb0093c3123cac8f8cf673c1f1,43a61154d1577178de608c71a7ae2a605b982c18219c0847cf91a6bf9e5aebd1,5138,0.3135986328125,False,"[20,18,108,110]",88,92,0.9565217391304348,0.6346343873517787,0.6875,0.71875,4c94a333df22a656fef760ebf7dac13068c61fd307a3536585f070d556d8c506,1,1,[5138],0,0,[],0.15625,0.15625,0.140625,0.140625,14.0,16.0,16.0,17.08801,18.0,22.0,22.0,0.1335000585205864,276,276,0.09057971014492754,0.5543478260869565,0.09420289855072464,"[19,7,4,5,9,23,145,24,11,9,6,14]",0.6446862996158771,0.8015427769985974,0.7288021534320323,0.06305955624756715,1,1,0,0,,,1.375
98,N,new-only,128,128,56b5b2bb9ea13f6726329a2bd143e676dca11d4120c0858b333afd3ef45f56c0,32edaeccccca5b08b0436f1ea1b9b875b51e0951cc6fe5b565b30a17c0d47013,4839,0.29534912109375,False,"[22,20,106,111]",84,91,0.9230769230769231,0.6330455259026687,0.65625,0.7109375,5294bde261d85d72604cfb3011bfcf8736bf1a05a1ca8ee376b99256a4557281,1,1,[4839],0,0,[],0.171875,0.171875,0.15625,0.1328125,14.0,14.0,16.0,16.12452,18.86796,20.0,20.59126,0.12597277731716483,274,274,0.27007299270072993,0.3613138686131387,0.12408759124087591,"[63,10,4,6,8,14,94,15,15,13,13,19]",0.5405921680993314,0.6001984126984127,0.4967522424992267,0.022318660880347178,1,1,0,0,,,1.4285714285714286
99,N,new-only,128,128,8c5fc8aeec7abc0d171efa2218abfdc9483b6c6239d501f78e8519f5a48ae7a2,323beca0c3b3aaa91155b29976a7fbc6d8301cfeaeca798bba29f1093c04bb2b,3833,0.23394775390625,False,"[21,19,107,109]",86,90,0.9555555555555556,0.49521963824289406,0.671875,0.703125,7be7e1579df00f03704e01a04ee22bf8fb10bac191d3d98daa4531a1f7164bfc,1,1,[3833],0,0,[],0.1640625,0.1640625,0.1484375,0.1484375,10.0,14.0,14.0,16.0,20.0,20.88061,24.0,0.125,221,217,0.2903225806451613,0.47465437788018433,0.09216589861751152,"[63,4,4,6,3,8,100,5,12,5,3,4]",0.6629067245119306,0.5162183544303798,0.42756052141527,0.027915470910513957,1,1,0,0,,,1.491472142857143
100,N,new-only,128,128,4c02f0320c90fd9ddb9967cafd75478e80f2eb8ad153113c9d9d7b61bd63cba0,0c37189a04248e42be0dd149da2b21b20d563f5fcf9714abe9c901e7827b3c9c,4510,0.2752685546875,False,"[21,18,107,110]",86,92,0.9347826086956522,0.5700202224469161,0.671875,0.71875,8a1683db219c4f01906ca12a7782417a5e001bdfa94094eca99eb25fcb190169,1,1,[4510],0,0,[],0.1640625,0.1640625,0.140625,0.140625,10.0,14.0,14.0,16.0,17.08801,20.0,26.0,0.125,253,249,0.5060240963855421,0.11244979919678715,0.12048192771084337,"[113,11,13,10,6,12,27,10,4,8,11,24]",0.6967644845748683,0.5267433987813135,0.5970254957507082,0.04966740576496674,1,1,0,0,,,1.4285714285714286
101,N,new-only,128,128,d90071d0f8abfae8f9c9ed9bb766fe7f18af46eb36cc8680b23f7695b1fa34f2,269a7b32d4346fbd7a67430ade9c3e59528dc60731a80fad1a60b7bb14ae0fea,4993,0.30474853515625,False,"[21,18,107,110]",86,92,0.9347826086956522,0.631066734074823,0.671875,0.71875,7dbd03c75cb9a0228e2ab3a5b238a3ec14c244b7047e5667a165cfef89f57eef,1,1,[4993],1,1,[884],0.1640625,0.1640625,0.140625,0.140625,6.0,12.0,13.41641,14.14214,18.86796,22.44925,30.0,0.11048543456039805,329,317,0.2870662460567823,0.23659305993690852,0.25236593059936907,"[77,9,12,10,12,15,69,5,36,27,25,20]",0.570125786163522,0.5264445123815347,0.47286135693215336,0.0294412177047867,1,1,1,1,,16.0,1.8707708333333333
102,N,new-only,128,128,b428184daf645f7ef3b28497821246afda44e9d8ff06e0ed7ae8564e272d64e2,e884672c67bb531d72da67f384f207f5c56bbfcc04cad079cf3ec92511cfbd3a,4757,0.29034423828125,False,"[22,17,106,111]",84,94,0.8936170212765957,0.6024569402228976,0.65625,0.734375,27885cd651b975ee467af0e251599ca98dfde677590fa7199c5c89e3199e02ad,1,1,[4757],2,2,"[601,357]",0.171875,0.171875,0.1328125,0.1328125,7.2111,8.48528,12.64911,14.0,18.43909,22.0,27.20294,0.109375,345,328,0.18292682926829268,0.14939024390243902,0.45426829268292684,"[42,8,6,9,11,9,45,9,12,130,26,21]",0.40200412614205716,0.49450204209864906,0.4280996697688382,0.01702753836451545,1,1,2,2,,5.656854249492381,2.5927252842569724
103,N,new-only,128,128,99cacc88a8587c33de0f768f18c98d16899d6f32c48c74c6775692f2abbff73e,7b4cefe6c7bfaa243e0d79b7ab2864b4d187e618cc6fdf99091e1fd881382087,5068,0.309326171875,False,"[20,15,108,113]",88,98,0.8979591836734694,0.5876623376623377,0.6875,0.765625,b51c4aec7664902b9c005647ec42c91ba05a8fe1cf7696b252022b9ceb8306a6,1,1,[5068],0,0,[],0.15625,0.15625,0.1171875,0.1171875,14.0,15.23155,16.0,16.49242,20.0,22.0,22.0,0.1288470508005519,272,272,0.1948529411764706,0.45955882352941174,0.09926470588235294,"[41,8,7,9,9,16,127,10,6,9,9,21]",0.6770350761085374,0.6781456953642384,0.5739130434782609,0.029005524861878452,1,1,0,0,,,1.4443704022243304
104,N,new-only,128,128,61129988366518e3050e36dec219a2741ae875fc43cd0fca1215918f3420e576,deebfb4a179136f4897174039e403424224a48172f0df31b8defd94a2eb49aee,4659,0.28436279296875,False,"[23,16,105,112]",82,96,0.8541666666666666,0.5918445121951219,0.640625,0.75,244e512c6a8148295c28c634d804ec3ac4d9a88401f8400241d7484acbb3bcf8,1,1,[4659],1,1,[188],0.1796875,0.1796875,0.125,0.125,10.0,12.64911,14.0,16.0,22.0,22.0,25.6125,0.125,261,250,0.136,0.348,0.1,"[35,33,13,7,11,17,79,13,8,11,8,15]",0.34226447709593777,0.40542986425339367,0.40500603136308805,0.02103455677183945,1,1,1,1,,13.0,1.7392528011852217
105,N,new-only,128,128,44248ff9cf1c9fefdd7381074092d739baa44db4340530cdf20ac98c77862769,233adedb23c0dde1c6aa14d75662fa17f328f7fa9905a671cf248f85d56bf5fe,5477,0.33428955078125,False,"[23,15,105,113]",82,98,0.8367346938775511,0.6815579890492782,0.640625,0.765625,dec4dc17f9ee3bce46ed9d497a3e6d5d799d92081fda8c0046cb0d74d1b41aea,1,1,[5477],1,1,[1003],0.1796875,0.1796875,0.1171875,0.1171875,14.0,16.0,16.49242,18.0,23.34521,28.0,32.55764,0.140625,272,268,0.4141791044776119,0.2126865671641791,0.08955223880597014,"[106,16,11,10,12,21,49,10,6,8,5,14]",0.6462278328824768,0.7137046307884856,0.5995911214953271,0.011137484024100785,1,1,1,1,,28.0,1.75
106,N,new-only,128,128,7ba7cd72e79fe6500f71d3313054cc6e208f38265aa11aad83f8853bbd07f5d1,8b25237be4f9893ad317f2f29d60aae7fab30fdc4a67bf8211afef69e51c1b41,5026,0.3067626953125,False,"[18,15,110,113]",92,98,0.9387755102040817,0.5574534161490683,0.71875,0.765625,8ec8989b2ed767ca20b4f4fca1c5ef19c3026a39b82976fbd7cfb76868f6c963,1,1,[5026],0,0,[],0.140625,0.140625,0.1171875,0.1171875,10.0,14.0,16.0,18.0,24.0,24.0,28.0,0.140625,248,239,0.21338912133891214,0.48535564853556484,0.04184100418410042,"[37,21,3,3,5,9,114,8,2,2,13,22]",0.4764982373678026,0.4657334499854185,0.36205962059620594,0.02208515718265022,1,1,0,0,,,1.7142857142857142
107,N,new-only,128,128,0bd3299d1aa8590b632163c745110257bdbb80abc912663900bc247d6b2d0f46,465fa56713a0d5b2bf5de0123445888cec69a8c9392cc258a704fa3e65e8faaa,4773,0.29132080078125,False,"[23,18,105,110]",82,92,0.8913043478260869,0.6326882290562036,0.640625,0.71875,e1820f29415d6b145a2748e68053bf73b724fc84004b6da14623673704f3f971,1,1,[4773],0,0,[],0.1796875,0.1796875,0.140625,0.140625,10.77033,12.16553,18.0,19.69772,26.40025,28.0,30.0,0.15388840315306412,208,202,0.3316831683168317,0.33663366336633666,0.08415841584158416,"[69,15,6,8,4,15,61,8,3,3,5,5]",0.6130449476174383,0.5239463601532567,0.45208396714329174,0.04085480829666876,1,1,0,0,,,2.3015848877936267
108,N,new-only,128,128,3d068aedc9aaf0efd004c8bc231afc452f8512ccddd687b966eaffb722c4aa3c,1438c2061618b2cbe532ff68bf49cb6bdf56b2d08bb77a09849fdfbd4cc2a489,4441,0.27105712890625,False,"[22,18,106,110]",84,92,0.9130434782608695,0.5746635610766045,0.65625,0.71875,4ff7233a0823d824a20586910c1f08d9af190bf3ef385e4d8c4a78429de8e762,1,1,[4441],0,0,[],0.171875,0.171875,0.140625,0.140625,12.0,14.0,18.0,18.0,26.0,26.0,26.07681,0.140625,196,196,0.14795918367346939,0.5969387755102041,0.061224489795918366,"[26,11,6,5,9,11,111,2,1,2,2,10]",0.6387453874538745,0.6608077786088258,0.5266414575455483,0.03760414321098852,1,1,0,0,,,1.8571428571428572
109,N,new-only,128,128,197f0e8bc336f3b73c11afd197022be5a87903b42846a212fd9b0d1c4000dc13,cc423a075e71fa0816f29259159effb4db9d9945e036668a5448e03b12e86e9d,3970,0.2423095703125,False,"[23,18,105,110]",82,92,0.8913043478260869,0.5262460233297985,0.640625,0.71875,e548b8e7d72cac923a1486d6c190563435df7bec7265fdbd170ffd82cf5ad2c2,1,1,[3970],0,0,[],0.1796875,0.1796875,0.140625,0.140625,12.0,13.64984,14.0,16.0,22.80351,24.38029,26.0,0.125,205,198,0.3838383838383838,0.10101010101010101,0.16666666666666666,"[66,14,4,25,20,18,8,9,2,9,7,16]",0.4606328182487123,0.5363777089783281,0.2785829307568438,0.04634760705289673,1,1,0,0,,,1.786122767739402
110,N,new-only,128,128,18005e6e9071e754c24beaa287f495017f2819a3c0b6c5f65d456e8a041cc009,d3939f698025ddabb6407aac037e6d6a538bea320c05ef2e3119ea3522a8b698,3664,0.2236328125,False,"[25,16,103,112]",78,96,0.8125,0.4893162393162393,0.609375,0.75,c9df703a512ea3cc88209d9b18b111202af568752a035703f967635a452f239b,1,1,[3664],0,0,[],0.1953125,0.1953125,0.125,0.125,12.0,14.0,14.0,16.0,23.32381,26.0,26.0,0.125,165,165,0.36363636363636365,0.21818181818181817,0.09696969696969697,"[59,9,9,11,11,15,27,6,3,4,6,5]",0.3545286506469501,0.23283983849259757,0.3758918512955314,0.02074235807860262,1,1,0,0,,,1.8571428571428572
111,N,new-only,128,128,5777ebeb96a21cd75df454cb94306157698e6c373eaadcde74c5c782a239a31b,e8d5f2cc213309ec1fde3e2f2ac1fbc0abf021c561c00a2332b22ddfac1d8780,4233,0.25836181640625,False,"[26,19,102,96]",76,77,0.987012987012987,0.7233424470266575,0.59375,0.6015625,238ed1a725edeb22dc6dfd0dd1e16783a0fc8c0f34ec6de25dd915d11d87da00,1,1,[4233],1,1,[290],0.203125,0.203125,0.1484375,0.25,10.19804,12.64911,14.0,17.08801,20.17383,24.0,26.0,0.1335000585205864,228,216,0.18518518518518517,0.2175925925925926,0.11574074074074074,"[36,10,4,6,18,34,33,30,13,10,6,16]",0.6554556120453656,0.875498449268941,0.6554556120453656,0.031419796834396406,1,1,1,1,,8.246211251235321,1.89736669220206
112,N,new-only,128,128,1f9e1b9feb2f33e602557ceed8894fb2b79973bda8da08313740fddae88d90ba,47b2853ff2d8879aef0b2af6ded85f7af4fb956003f9f8da1bd7250297f04af1,4402,0.2686767578125,False,"[24,19,104,94]",80,75,1.0666666666666667,0.7336666666666667,0.625,0.5859375,243c18e15c8b2d7e3c6a8523aa38271369c7cbdc84c00f0fe06d40751b783529,1,1,[4402],1,1,[387],0.1875,0.1875,0.1484375,0.265625,10.0,12.16553,14.0,18.0,23.19373,27.92839,30.0,0.140625,226,217,0.25806451612903225,0.2119815668202765,0.12903225806451613,"[50,6,9,8,10,28,37,12,7,7,13,30]",0.8288325716659742,0.7502982107355864,0.7009273570324575,0.0186278964107224,1,1,1,1,,10.099019513592784,2.2956985844430946
113,N,new-only,128,128,29ba273a1d2ab060fded44bb8004636626c82dee3d4dba8fa4688a34cf4d9c62,4304680f4607a7ae1c88b76e921c449f11d09e7c8fb3573606c1085fcf9aea76,4145,0.25299072265625,False,"[24,19,104,96]",80,77,1.0389610389610389,0.6728896103896104,0.625,0.6015625,39d618f3212a085c3a92936d12140852309c4eaaf026fb6dc2ed2b2c0b675bef,1,1,[4145],1,1,[646],0.1875,0.1875,0.1484375,0.25,10.19804,12.64911,16.0,18.0,18.86796,22.80351,26.0,0.140625,231,217,0.1935483870967742,0.22580645161290322,0.16129032258064516,"[39,9,13,8,16,15,48,9,10,16,21,13]",0.6815415821501014,0.9464663066447523,0.6801783542764491,0.015681544028950542,1,1,1,1,,14.0,1.8027758474706914
114,N,new-only,128,128,77d54502465a5853687cf9ce2d3df74b0554e52b87faf97513d5f29c97081b67,f65498c9c85493059537062285ebb442500273b8c49cbc77a64ce8c5499d8ddc,4097,0.25006103515625,False,"[24,26,104,102]",80,76,1.0526315789473684,0.6738486842105263,0.625,0.59375,b72ed900325c221057567ba0edea02125c8fe25dbad351eb12764ffe8880d540,1,1,[4097],1,1,[1564],0.1875,0.1875,0.203125,0.203125,12.0,12.0,13.41641,16.12452,22.36068,28.0,28.0,0.12597277731716483,212,212,0.25471698113207547,0.2783018867924528,0.1320754716981132,"[42,9,7,10,15,19,50,17,7,7,12,17]",0.7937828371278459,0.9820996613449444,0.7937828371278459,0.014156700024408104,1,1,1,1,,26.49461050209224,2.3333333333333335
115,N,new-only,128,128,1de741e432a1131b27b911b442571f6f247dea62f5103906e4dd5c7dadda6ab3,b02c5d7274a04115422c121ee1c7bb67fbe8bc000f788ab2723625d8cca7dc9f,5003,0.30535888671875,False,"[19,18,109,110]",90,92,0.9782608695652174,0.6042270531400966,0.703125,0.71875,8517284a6575521c022c22e9a4a299c4fcf427c6877c406b17a4b74fa4a9b48d,2,2,"[3557,1446]",1,1,[1323],0.1484375,0.1484375,0.140625,0.140625,11.6619,12.0,12.64911,14.0,16.0,24.0,26.0,0.109375,299,299,0.3010033444816054,0.3010033444816054,0.10702341137123746,"[86,18,12,12,19,34,68,15,6,10,5,14]",0.41527581329561525,0.5556592039800995,0.4543604651162791,0.03218069158504897,2,2,1,1,2.0,23.704699910719626,2.0
116,N,new-only,128,128,a099a8e261de47ef60f1a1a6900ee543ed5e52ab1bde0bd626d9d5d79933a7a6,c8854f565de8c4de77ae7858732707b2cf30fed0b692325c4e546af8553560fd,3944,0.24072265625,False,"[24,26,104,102]",80,76,1.0526315789473684,0.6486842105263158,0.625,0.59375,8594792601c61c9177be35f60ef8cc071fa95b4dafeacd7501bfbd8e56686d97,1,1,[3944],0,0,[],0.1875,0.1875,0.203125,0.203125,12.0,14.0,16.0,18.0,24.73863,28.0,28.0,0.140625,170,170,0.16470588235294117,0.3,0.17647058823529413,"[29,2,6,11,11,18,44,15,10,7,10,7]",0.7694033198743832,0.8638941398865785,0.7066205106014712,0.03194726166328601,1,1,0,0,,,2.0
117,N,new-only,128,128,99e0a4478f3b3ebd33d1c2b95ac49c7138eb09cfdaf47f99a2a02841a9d2ef8d,0de58a1b804baada8627f6c99a1096d5120bbbb5192ac183cf72c98a35b0fecd,4388,0.267822265625,False,"[20,26,108,102]",88,76,1.1578947368421053,0.6561004784688995,0.6875,0.59375,528ab611523a0a136bbcc3a1894bc1ac041fcdd7261e88d001e66d3fa903b719,1,1,[4388],0,0,[],0.15625,0.15625,0.203125,0.203125,12.0,15.23155,16.0,17.20465,20.88061,22.02722,25.05993,0.13441133229754104,218,214,0.17757009345794392,0.37383177570093457,0.1308411214953271,"[29,9,7,10,11,26,66,14,10,9,6,17]",0.7851912123677787,0.7067288992609879,0.6621212121212121,0.03441203281677302,1,1,0,0,,,1.4461574823310825
118,N,new-only,128,128,f695c79fb5e10a448cceb680b86ebf5edcfbe4efa5674a32bdc207b474d50c77,9bcf6350cdfc096f918625fd543d849e39fd369ee2482df3cceb13d9e07c10ae,3944,0.24072265625,False,"[24,26,104,102]",80,76,1.0526315789473684,0.6486842105263158,0.625,0.59375,34a764a174c8c663133be671d047f249876fbad44b5cd5e812a5c91249e60cff,1,1,[3944],0,0,[],0.1875,0.1875,0.203125,0.203125,13.41641,14.0,15.6205,18.0,24.73863,28.0,28.0,0.140625,169,169,0.15976331360946747,0.30177514792899407,0.17159763313609466,"[20,9,9,8,14,15,47,14,9,7,5,12]",0.7694033198743832,0.8638941398865785,0.7066205106014712,0.03194726166328601,1,1,0,0,,,2.0
119,N,new-only,128,128,a1ef106e285397a8af7f05b6b757a85da994d240b6eef3fa013dacf5b721624d,92f52d2b67edbb3cc4eb24151df1bf67fb0d4d9e786eb0d46e4128ad79acf09a,4575,0.27923583984375,False,"[22,26,106,120]",84,94,0.8936170212765957,0.5794072948328267,0.65625,0.734375,86a5df3b6d468ecd32e14398256de55dfdbe4d4e12579107152f5fddf20bdf22,1,1,[4575],1,1,[51],0.171875,0.171875,0.203125,0.0625,8.0,10.0,14.0,18.0,22.0,28.0,29.52965,0.140625,247,237,0.16455696202531644,0.3881856540084388,0.11814345991561181,"[36,12,11,12,19,16,86,9,3,7,10,16]",0.45933014354066987,0.5184201792233654,0.4072593048292833,0.03344262295081967,1,1,1,1,,4.0,2.8
120,N,new-only,128,128,edfcd269bfab4ac8857f3256bd02a7a96b42f0d39a8664b8be55fef8daf2d0c5,501879c8e17ad07dc8a589f0179ad3c31547aaeb0ef5d936d5815a3569d6435c,3121,0.19049072265625,False,"[32,17,96,111]",64,94,0.6808510638297872,0.518783244680851,0.5,0.734375,8b388b72fa5610d8c4ce28ad199acdcd90d262381db3360c714386508e8d74b2,1,1,[3121],1,1,[130],0.25,0.25,0.1328125,0.1328125,10.0,12.0,14.0,14.0,15.71537,16.49242,21.26029,0.109375,224,211,0.2843601895734597,0.33649289099526064,0.10426540284360189,"[59,12,6,8,10,28,59,7,6,5,4,7]",0.3400601116358952,0.2833059210526316,0.40269662921348315,0.02819609099647549,1,1,1,1,,10.0,1.3743683333333332
121,N,new-only,128,128,711ff1f8f3169c204240d87c9634ac1aae65663f2fdc0eb81e0f96341112d7ef,63df22f09c56a79cd8726833fac72a2d3484a17ea6cb412c980785cafb4835e9,3912,0.23876953125,False,"[22,17,106,111]",84,94,0.8936170212765957,0.49544072948328266,0.65625,0.734375,129492a5d0418393965e95405d5fa13aea15b977cec457e49e8ac3f891c4cc2a,1,1,[3912],3,3,"[340,212,160]",0.171875,0.171875,0.1328125,0.1328125,10.0,12.0,14.0,14.0,16.0,17.88854,18.43909,0.109375,293,272,0.27205882352941174,0.29411764705882354,0.11397058823529412,"[59,17,6,5,5,17,75,14,10,14,18,32]",0.243879173290938,0.2656098350048528,0.5767835550181378,0.020961145194274028,1,1,3,3,,14.0,1.4907116666666667
122,N,new-only,128,128,d6ae82c40d207a96a484e1ae92df34053c465cf281e572323900ecbe0b5e87d9,1de5c9bfde3f939c54f03d52b35606ef3e61292a012a9d5cc90871636997c407,3323,0.20281982421875,False,"[32,16,96,112]",64,96,0.6666666666666666,0.5408528645833334,0.5,0.75,4464ebf7fcec30588f3f0660fae793735603234c8d6421cbad1fc8de3883faf1,1,1,[3323],0,0,[],0.25,0.25,0.125,0.125,4.0,12.0,14.0,14.14214,16.12452,20.0,23.4094,0.11048543456039805,229,220,0.22272727272727272,0.2636363636363636,0.15,"[51,9,6,6,6,24,54,9,15,21,12,7]",0.40448013524936605,0.39446076374318084,0.31812772709242365,0.02317183268131207,1,1,0,0,,,1.6666666666666667
123,N,new-only,128,128,b4ea72c92e1598a0223856772349c532fa5d4a6ed13ca9db02988a6ec944aa02,82c69120e63fa86a1502eb50f4e24047cfdb711f4624bac6e2f5b8d8dc41f157,5155,0.31463623046875,False,"[20,18,108,110]",88,92,0.9565217391304348,0.6367341897233202,0.6875,0.71875,2d10793c003f3d127b78d4247ceac35ffc63666631bfa291f5ef3aa805348703,2,2,"[3066,2089]",0,0,[],0.15625,0.15625,0.140625,0.140625,6.0,10.77033,12.0,13.41641,16.0,22.0,22.0,0.10481568644530265,339,339,0.10619469026548672,0.5103244837758112,0.12684365781710916,"[26,12,12,6,13,10,179,21,15,16,12,17]",0.428373510667775,0.6929392446633826,0.4796211251435132,0.038797284190106696,2,2,0,0,9.0,,2.0426486467916956
124,N,new-only,128,128,21d21ab10c2d32ce4c756e36e7c7b3ca1c9f02bfe2ef53b71376560478352cf0,b60e6bcd1a153ee10dc2e6089231740bf941fe4cd366251514ea817387e4fbec,4166,0.2542724609375,False,"[22,18,106,110]",84,92,0.9130434782608695,0.5390786749482401,0.65625,0.71875,5279b8e8157db0423b5ea23ace1b9b371ace82dd1a84b025b36e438ed2cb9311,1,1,[4166],1,1,[964],0.171875,0.171875,0.140625,0.140625,11.6619,12.64911,13.41641,14.14214,20.0,20.0,22.80351,0.11048543456039805,266,258,0.19767441860465115,0.34108527131782945,0.12790697674418605,"[31,2,5,4,5,23,76,10,12,22,30,38]",0.5215485756026297,0.4841467759173495,0.44302043643921024,0.0256841094575132,1,1,1,1,,16.308468999533872,1.5811389101683833
125,N,new-only,128,128,6569028be2b4f334637026fffc5039fd7193f84bfffcf38268f623b2804f9953,356e97ee0a0f62dd36ff4281e0cf5ce000d2c7a2708e3950a81d3537c848ccae,3020,0.184326171875,False,"[30,18,98,110]",68,92,0.7391304347826086,0.4827365728900256,0.53125,0.71875,04376f842f1239088d359eb2fab1075aafd5e99b9ed6a9c50d08ae950a8f60fb,1,1,[3020],0,0,[],0.234375,0.234375,0.140625,0.140625,8.0,15.09728,17.88854,19.79899,20.73594,21.54066,24.16609,0.15467960838455727,139,134,0.007462686567164179,0.1417910447761194,0.2537313432835821,"[5,12,8,7,7,10,16,29,13,17,10,0]",0.5762004175365344,0.4631782945736434,0.45122537241710714,0.039735099337748346,1,1,0,0,,,1.426790786154857
126,N,new-only,128,128,2c561c988761357febad45cdefa282c1742cd75e3ea5a5e7d02c25673a3335b0,0fc5a263a5d0d5955770c1984833a5ff9fb04fd445d0c6e97630944f87cfe154,4542,0.2772216796875,False,"[20,18,108,110]",88,92,0.9565217391304348,0.5610177865612648,0.6875,0.71875,f194d580065c01cdb84397f92d702716a0729ab0f47113cc262d939985f0507e,1,1,[4542],1,1,[224],0.15625,0.15625,0.140625,0.140625,6.0,13.41641,14.56022,17.08801,18.97367,20.88061,24.41311,0.1335000585205864,271,255,0.1411764705882353,0.3333333333333333,0.10588235294117647,"[27,7,9,7,9,17,88,28,16,7,16,24]",0.3562257390265751,0.5375761679079215,0.43461781427668983,0.04711580801409071,1,1,1,1,,14.422205101855956,1.5563485313880538
127,N,new-only,128,128,876aa14c3e7cd9a049bbf91ccecab8b982fefb019a2ab1e69fe51b82e39dd3b3,fb8b8e61cd4cd7f2b7ff2cd82c09fbc618eb1784fbcabc8e1b50663ce883ca65,4920,0.30029296875,False,"[24,16,104,112]",80,96,0.8333333333333334,0.640625,0.625,0.75,9378216d5ff9adbc255e7f968a9e2f765846550ad92a2ad52dc11134d6f578c5,1,1,[4920],1,1,[282],0.1875,0.1875,0.125,0.125,6.0,12.0,16.0,17.08801,22.80351,28.0,31.04835,0.1335000585205864,269,254,0.3661417322834646,0.1732283464566929,0.11811023622047244,"[62,13,8,10,14,10,41,12,7,15,16,46]",0.7281348788198103,0.41095497562374533,0.40853134841110794,0.023577235772357725,1,1,1,1,,11.216116701979804,2.3333333333333335
128,N,new-only,128,128,ce69843aa7794f3a6d0373ffb487b06cddb9e13d4ed66e39cb4b1f7aa768ecc3,18fb7ab327fdf62fa38308b0b2a74a77889a9d19f5b611b0758251643e92fbc8,2420,0.147705078125,False,"[46,17,82,111]",36,94,0.3829787234042553,0.7151300236406619,0.28125,0.734375,2b275700135033176eabfdb4530d2c6e17e8284d770e7d7f79477ca6eb79d30b,3,3,"[1030,1030,360]",2,2,"[128,128]",0.359375,0.359375,0.1328125,0.1328125,10.0,10.0,12.0,12.0,12.64911,14.0,14.42221,0.09375,190,190,0.3684210526315789,0.24736842105263157,0.16842105263157894,"[62,7,8,10,7,20,31,8,9,9,7,12]",1.0,1.0,1.0,0.04297520661157025,3,3,2,2,8.0,12.0,1.4
129,N,new-only,128,128,a226512e840ea111fd01ace2301e48a01b628d89eb06bf43db8eedd15e6b8c03,e636aa442e6edd715f147b603eda4c49276b6de43e510d1ea6fdd9867ed41b5e,4396,0.268310546875,False,"[21,18,106,110]",85,92,0.9239130434782609,0.5621483375959079,0.6640625,0.71875,823515fbb5b23feaaf2e9e3a7a299874a115295fe9741cec6fadc2700f83ce16,1,1,[4396],1,1,[135],0.1640625,0.171875,0.140625,0.140625,4.47214,12.0,14.42221,18.0,24.0,24.08319,30.0,0.140625,267,243,0.32098765432098764,0.24691358024691357,0.16049382716049382,"[60,8,0,2,2,6,58,29,16,32,11,19]",0.4754153381439839,0.45804311774461026,0.5317073170731708,0.0359417652411283,1,1,1,1,,10.0,2.0069325
130,N,new-only,128,128,75af798ae961acfffdf8f9d79143a6860d502aee86eaae83c0d3aa1e01378116,d17c311ca4b10a3c5053ec57a5bfe7587d8b4535df2fada9cf2163ecd4a24d42,3282,0.2003173828125,False,"[33,18,95,110]",62,92,0.6739130434782609,0.5753856942496494,0.484375,0.71875,9caf0dd2f6ab9847d87af25e8e461e5e08c933b62c28d58c1ff0d7daa945d6c8,1,1,[3282],1,1,[135],0.2578125,0.2578125,0.140625,0.140625,12.0,14.0,14.56022,16.0,18.0,20.0,26.0,0.125,193,181,0.2596685082872928,0.3812154696132597,0.08287292817679558,"[18,6,2,3,7,10,73,7,7,8,7,33]",0.42016443098225875,0.5824493731918997,0.3859797297297297,0.032602071907373555,1,1,1,1,,10.0,1.4285714285714286
131,N,new-only,128,128,dd3dd07079bf1671767c837a9ce95b3e7f5f1fc4985b85729d03f60207229b71,36fb633a54b807965f20e0be6c9f39b4c500d2ecb6675ee873597f03b385e3db,4853,0.29620361328125,False,"[21,18,107,110]",86,92,0.9347826086956522,0.6133720930232558,0.671875,0.71875,0cd90d41c01c70aa359bd9c46f920dbf0e88c50d35cda9d5fafb7571b9b91ba9,1,1,[4853],2,2,"[290,132]",0.1640625,0.1640625,0.140625,0.140625,12.0,12.16553,14.42221,16.0,18.11077,23.01163,26.0,0.125,317,290,0.3413793103448276,0.35517241379310344,0.05862068965517241,"[71,10,4,5,7,16,100,14,6,9,13,35]",0.41569428238039674,0.4202516827626573,0.5833605220228385,0.0377086338347414,1,1,2,2,,13.0,1.8915435661249447
132,N,new-only,128,128,3e5e24ebbaf506df1c9068baf79a6f489f731c4b64db00478e1bb4e2c1ac079e,99b7941b8091aafda419b22d6e531ef2a14e9d2219b4c04c9495b1ede3906c6e,3652,0.222900390625,False,"[31,18,97,110]",66,92,0.717391304347826,0.6014492753623188,0.515625,0.71875,d619d79a02d656231e359f9a5c41e17976068a64cffab9e7fda6423d0650843b,1,1,[3652],2,2,"[324,139]",0.2421875,0.2421875,0.140625,0.140625,8.0,8.0,13.41641,16.0,18.0,18.11077,23.32381,0.125,260,237,0.4008438818565401,0.3291139240506329,0.06751054852320675,"[68,5,3,5,6,9,77,6,6,8,9,35]",0.6245551601423488,0.4803404945277665,0.43949546708711074,0.05449069003285871,1,1,2,2,,14.0,2.26384625
133,N,new-only,128,128,c8a49af2dd3d1cdf42d115bc08cef624b8a43a01f36ea82320be645737da381f,686223a9f51aa917c1d6d81ecf18c29c5399c4dc09c61f820f34ea1f5f2c52c3,3753,0.22906494140625,False,"[33,18,95,110]",62,92,0.6739130434782609,0.6579593267882188,0.484375,0.71875,9a2cd6d6f301499ebd2f8cb7c97fb2da729dd01db1a0ba2e2cdc287267e24a31,2,2,"[2285,1468]",1,1,[171],0.2578125,0.2578125,0.140625,0.140625,12.0,12.0,16.0,17.08801,18.43909,22.0,24.08319,0.1335000585205864,189,185,0.3783783783783784,0.2864864864864865,0.10270270270270271,"[58,2,1,3,2,8,52,14,9,9,10,17]",0.5337147527584798,0.5709501883633319,0.4473582722715002,0.03224087396749267,2,2,1,1,11.0,12.0,1.8333333333333333
134,N,new-only,128,128,eb33cafc380d966bc92ac16203fe99ee58a4d5f1f1f9c3e83b3b060888419524,dda6d6788b0a3b64171e64eead03052d44603f36f9a7eac51d9d24c3b3ed6b95,4201,0.25640869140625,False,"[33,18,95,110]",62,92,0.6739130434782609,0.7365007012622721,0.484375,0.71875,6f38974cf3ee192de1537915395a7453ff03e772d59dae30abc64291bff5756c,1,1,[4201],1,1,[171],0.2578125,0.2578125,0.140625,0.140625,12.0,14.0,16.0,18.11077,24.0,30.0,36.87818,0.14149039278339715,231,220,0.3,0.22727272727272727,0.25,"[59,7,4,10,7,7,47,11,14,35,8,11]",0.7014985824220332,0.6487441130298273,0.6077305778798316,0.03023089740537967,1,1,1,1,,12.0,2.142857142857143
135,N,new-only,128,128,1509e1a56ba696578c992648c20142e1949866257fb8f7934d65c4fe34846850,1792dc2adbbb2b32786619736ac5cad487b8f2e0fe954dc3859ad0a8e950ceec,3512,0.21435546875,False,"[26,18,102,110]",76,92,0.8260869565217391,0.5022883295194508,0.59375,0.71875,3f5c6f2b7195a02a69c5d00ab68e24572986377f75a94e35af1501b581d423a3,2,2,"[2675,837]",1,1,[136],0.203125,0.203125,0.140625,0.140625,2.0,12.0,12.64911,16.0,21.54066,24.0,24.0,0.125,200,193,0.10362694300518134,0.27979274611398963,0.13471502590673576,"[11,3,0,3,1,7,59,35,13,29,11,21]",0.5437362637362637,0.3612403100775194,0.28833455612619224,0.037015945330296125,2,2,1,1,6.708203932499369,10.0,2.0
136,N,new-only,128,128,63d1a36dd55b3ddd73c742ece02915e1684b8d451450eea1fcd107090290eba8,4f1c069eae6d70cc5bc2082f818c853f883d1d44e8aed4832583d6c69b3a7ecc,4136,0.25244140625,False,"[23,18,105,110]",82,92,0.8913043478260869,0.5482502651113468,0.640625,0.71875,c3f498b7c3a00ad2e7622af42f7a4d15b4f0a82a13b27d5e5413c235c5f6c4d0,1,1,[4136],0,0,[],0.1796875,0.1796875,0.140625,0.140625,6.0,14.0,14.14214,18.43909,21.54066,24.0,30.26549,0.14405538214520136,213,206,0.2669902912621359,0.13592233009708737,0.16990291262135923,"[59,9,16,10,8,16,17,28,8,16,16,3]",0.3569553805774278,0.3574007220216607,0.527890653860362,0.05971953578336557,1,1,0,0,,,1.7142857142857142
137,N,new-only,128,128,fb4d1e73edfc56310a154b8ceae601b3aabdd26e2a122af8b103c1dc46a42ad2,079973726f377f0a99d832bea1b187fdac4402ce4d4b9e778f8b4c07d7330dd6,3048,0.18603515625,False,"[36,18,92,110]",56,92,0.6086956521739131,0.5916149068322981,0.4375,0.71875,161614cd24d5283b44598fbb5c7434b1fcc739bd7c9e499d865d956ca9db5982,1,1,[3048],1,1,[148],0.28125,0.28125,0.140625,0.140625,6.0,6.32456,10.0,18.97367,22.09072,24.08319,26.0,0.14823176532039278,152,134,0.1044776119402985,0.4701492537313433,0.05970149253731343,"[15,8,3,2,9,25,45,3,2,2,13,7]",0.7181510710259301,0.4459203036053131,0.4541984732824427,0.022637795275590553,1,1,1,1,,8.0,3.807883868601136
138,N,new-only,128,128,9f65d6bc64054293f2f7039b4a5a0c90642f63a551d933c1607c069b762757af,ea68eb58dbec59938bbf4a312bd13877cd1b67988a646d09ac75b0067d430fea,3617,0.22076416015625,False,"[24,14,104,114]",80,100,0.8,0.452125,0.625,0.78125,c9ab63046cc86161ac7a62abac06a7b96a5a035aa445ef5725a7243744658425,2,2,"[2118,1499]",0,0,[],0.1875,0.1875,0.109375,0.109375,10.0,14.0,16.0,18.43909,20.09975,24.0,28.0,0.14405538214520136,167,159,0.05660377358490566,0.16981132075471697,0.22641509433962265,"[19,4,8,9,16,5,29,17,17,18,12,5]",0.31288566243194194,0.34062268346923646,0.4614141414141414,0.016864805087088746,2,2,0,0,8.48528137423857,,1.7142857142857142
139,N,new-only,128,128,2e1c17b3d09fd40f5086d64919a3567aaae0ac16f11d5fa2a65896a19833f324,a61b4620c1c6ef560c668abe8fb003a691ff90885268033db70d24b6b0edb672,3946,0.2408447265625,False,"[27,16,101,112]",74,96,0.7708333333333334,0.5554617117117117,0.578125,0.75,93bed58df9adaef800948e2cbc79e5e1c2df658cdddad836bde5a1ff2389a829,1,1,[3946],0,0,[],0.2109375,0.2109375,0.125,0.125,14.14214,17.14633,18.0,22.0,26.0,26.0,26.0,0.171875,156,156,0.14743589743589744,0.5705128205128205,0.10897435897435898,"[23,9,6,6,6,21,72,2,3,2,3,3]",0.3462981917434323,0.5480580619850922,0.26312419974391804,0.008109477952356817,1,1,0,0,,,1.5163594775091813
